日付け,終値,始値,高値,安値,出来高,変化率 %,,
2019/1/23,13005 ,13143 ,13326 ,12830 ,2.96K,-1.05%,,1441
2019/1/24,13008 ,13005 ,13131 ,12791 ,4.44K,0.02%,,1440
2019/1/25,12844 ,13008 ,13108 ,12764 ,2.69K,-1.26%,,1439
2019/1/26,12852 ,12844 ,13148 ,12823 ,3.25K,0.06%,,1438
2019/1/27,12429 ,12845 ,12943 ,12347 ,6.35K,-3.29%,,1437
2019/1/28,11731 ,12429 ,12505 ,11297 ,5.47K,-5.62%,,1436
2019/1/29,11633 ,11731 ,11819 ,11389 ,2.34K,-0.84%,,1435
2019/1/30,12060 ,11633 ,12279 ,11543 ,7.43K,3.67%,,1434
2019/1/31,11795 ,12060 ,12341 ,11670 ,2.78K,-2.20%,,1433
2019/2/1,11938 ,11795 ,12097 ,11483 ,3.43K,1.21%,,1432
2019/2/2,12333 ,11928 ,12423 ,11828 ,4.99K,3.31%,,1431
2019/2/3,11900 ,12360 ,12451 ,11740 ,5.68K,-3.51%,,1430
2019/2/4,11928 ,11900 ,12051 ,11829 ,1.59K,0.24%,,1429
2019/2/5,11952 ,11928 ,11999 ,11845 ,1.02K,0.20%,,1428
2019/2/6,11662 ,11952 ,11972 ,11279 ,7.65K,-2.43%,,1427
2019/2/7,11606 ,11662 ,11820 ,11506 ,3.12K,-0.48%,,1426
2019/2/8,13335 ,11611 ,13680 ,11534 ,10.30K,14.90%,,1425
2019/2/9,13343 ,13335 ,13522 ,13120 ,1.48K,0.06%,,1424
2019/2/10,13949 ,13343 ,14075 ,12953 ,4.50K,4.54%,,1423
2019/2/11,13535 ,13949 ,13961 ,13377 ,2.59K,-2.97%,,1422
2019/2/12,13755 ,13535 ,13899 ,13246 ,3.69K,1.63%,,1421
2019/2/13,13691 ,13755 ,14261 ,13605 ,3.17K,-0.47%,,1420
2019/2/14,13548 ,13691 ,14019 ,13548 ,1.85K,-1.04%,,1419
2019/2/15,13676 ,13549 ,13834 ,13512 ,3.22K,0.94%,,1418
2019/2/16,13828 ,13676 ,14000 ,13676 ,2.18K,1.11%,,1417
2019/2/17,15061 ,13777 ,15273 ,13756 ,17.05K,8.91%,,1416
2019/2/18,16450 ,15050 ,16696 ,14926 ,10.73K,9.22%,,1415
2019/2/19,16219 ,16450 ,16924 ,16138 ,6.91K,-1.40%,,1414
2019/2/20,16876 ,16213 ,16876 ,15947 ,6.28K,4.05%,,1413
2019/2/21,16409 ,16808 ,17006 ,16106 ,6.26K,-2.77%,,1412
2019/2/22,16794 ,16441 ,16813 ,16207 ,7.88K,2.35%,,1411
2019/2/23,17893 ,16794 ,18062 ,16489 ,10.72K,6.54%,,1410
2019/2/24,14997 ,17861 ,18709 ,14985 ,18.73K,-16.19%,,1409
2019/2/25,15770 ,14978 ,16057 ,14978 ,3.37K,5.15%,,1408
2019/2/26,15383 ,15770 ,15770 ,15254 ,1.31K,-2.45%,,1407
2019/2/27,15288 ,15383 ,15899 ,14411 ,8.20K,-0.62%,,1406
2019/2/28,15379 ,15288 ,15895 ,15213 ,7.46K,0.60%,,1405
2019/3/1,15488 ,15379 ,15822 ,15379 ,1.99K,0.71%,,1404
2019/3/2,15166 ,15488 ,15590 ,14885 ,4.10K,-2.08%,,1403
2019/3/3,14929 ,15166 ,15439 ,14679 ,1.83K,-1.56%,,1402
2019/3/4,14346 ,14929 ,14990 ,14092 ,3.39K,-3.91%,,1401
2019/3/5,15567 ,14346 ,15694 ,14305 ,4.33K,8.51%,,1400
2019/3/6,15697 ,15567 ,16085 ,15324 ,3.80K,0.84%,,1399
2019/3/7,15602 ,15697 ,15953 ,15487 ,2.74K,-0.61%,,1398
2019/3/8,15110 ,15602 ,15848 ,14891 ,6.92K,-3.15%,,1397
2019/3/9,15551 ,15110 ,15746 ,15058 ,2.15K,2.92%,,1396
2019/3/10,15430 ,15551 ,15576 ,15213 ,0.79K,-0.78%,,1395
2019/3/11,15056 ,15430 ,15430 ,14910 ,2.32K,-2.42%,,1394
2019/3/12,15153 ,15056 ,15332 ,14620 ,3.58K,0.64%,,1393
2019/3/13,14952 ,15153 ,15158 ,14880 ,1.82K,-1.33%,,1392
2019/3/14,15032 ,14952 ,15280 ,14733 ,2.16K,0.54%,,1391
2019/3/15,15489 ,15032 ,15680 ,15032 ,2.25K,3.04%,,1390
2019/3/16,16022 ,15489 ,16404 ,15489 ,2.78K,3.44%,,1389
2019/3/17,15899 ,16022 ,16022 ,15642 ,1.27K,-0.77%,,1388
2019/3/18,15666 ,15899 ,16141 ,15508 ,2.24K,-1.47%,,1387
2019/3/19,15751 ,15666 ,15842 ,15570 ,1.11K,0.54%,,1386
2019/3/20,15744 ,15751 ,15817 ,15566 ,1.89K,-0.04%,,1385
2019/3/21,15178 ,15744 ,15804 ,15007 ,2.66K,-3.60%,,1384
2019/3/22,15192 ,15177 ,15363 ,15096 ,1.09K,0.09%,,1383
2019/3/23,15291 ,15192 ,15434 ,15166 ,1.43K,0.65%,,1382
2019/3/24,15205 ,15291 ,15314 ,15058 ,1.05K,-0.56%,,1381
2019/3/25,14872 ,15205 ,15240 ,14709 ,1.73K,-2.19%,,1380
2019/3/26,14966 ,14860 ,15026 ,14812 ,0.55K,0.63%,,1379
2019/3/27,15646 ,14966 ,15687 ,14953 ,2.35K,4.55%,,1378
2019/3/28,15512 ,15646 ,15646 ,15382 ,1.00K,-0.86%,,1377
2019/3/29,16210 ,15521 ,16227 ,15517 ,2.39K,4.50%,,1376
2019/3/30,16029 ,16210 ,16466 ,15833 ,2.90K,-1.12%,,1375
2019/3/31,15937 ,16029 ,16032 ,15856 ,0.93K,-0.57%,,1374
2019/4/1,15961 ,15937 ,16147 ,15712 ,1.35K,0.15%,,1373
2019/4/2,18424 ,15961 ,18675 ,15920 ,15.33K,15.43%,,1372
2019/4/3,17900 ,18407 ,20076 ,16947 ,7.83K,-2.84%,,1371
2019/4/4,17732 ,17900 ,18408 ,17294 ,2.17K,-0.94%,,1370
2019/4/5,18803 ,17732 ,18983 ,17624 ,2.02K,6.04%,,1369
2019/4/6,18575 ,18803 ,19475 ,18070 ,2.39K,-1.21%,,1368
2019/4/7,19794 ,18575 ,19962 ,18531 ,4.30K,6.56%,,1367
2019/4/8,20141 ,19794 ,20936 ,19508 ,4.91K,1.75%,,1366
2019/4/9,19645 ,20141 ,20247 ,19558 ,4.24K,-2.46%,,1365
2019/4/10,19625 ,19645 ,20618 ,18830 ,4.78K,-0.10%,,1364
2019/4/11,18557 ,19625 ,19631 ,17886 ,4.43K,-5.44%,,1363
2019/4/12,18593 ,18557 ,18741 ,18015 ,3.43K,0.19%,,1362
2019/4/13,18531 ,18593 ,18708 ,18279 ,1.19K,-0.33%,,1361
2019/4/14,18969 ,18531 ,19023 ,18230 ,2.22K,2.36%,,1360
2019/4/15,17973 ,18967 ,19055 ,17737 ,5.96K,-5.25%,,1359
2019/4/16,18782 ,17973 ,18815 ,17928 ,1.54K,4.50%,,1358
2019/4/17,18754 ,18782 ,18936 ,18597 ,1.44K,-0.15%,,1357
2019/4/18,19413 ,18754 ,19816 ,18754 ,2.80K,3.52%,,1356
2019/4/19,19548 ,19413 ,19622 ,19054 ,2.02K,0.70%,,1355
2019/4/20,19464 ,19548 ,20049 ,19254 ,1.25K,-0.43%,,1354
2019/4/21,19081 ,19525 ,19554 ,18758 ,3.55K,-1.97%,,1353
2019/4/22,19252 ,19077 ,19478 ,18900 ,1.90K,0.90%,,1352
2019/4/23,19183 ,19252 ,19943 ,19081 ,3.70K,-0.36%,,1351
2019/4/24,18633 ,19183 ,19183 ,18156 ,3.61K,-2.87%,,1350
2019/4/25,17229 ,18633 ,18763 ,16637 ,7.68K,-7.54%,,1349
2019/4/26,17946 ,17229 ,18077 ,16916 ,3.24K,4.16%,,1348
2019/4/27,18128 ,17946 ,18432 ,17774 ,2.62K,1.01%,,1347
2019/4/28,18179 ,18128 ,18548 ,18058 ,1.78K,0.28%,,1346
2019/4/29,18122 ,18179 ,18351 ,17607 ,2.67K,-0.31%,,1345
2019/4/30,18987 ,18122 ,19128 ,18122 ,2.52K,4.77%,,1344
2019/5/1,18687 ,18987 ,19268 ,18549 ,4.91K,-1.58%,,1343
2019/5/2,18899 ,18686 ,18978 ,18649 ,1.08K,1.13%,,1342
2019/5/3,19465 ,18827 ,20125 ,18705 ,3.81K,2.99%,,1341
2019/5/4,18997 ,19465 ,19867 ,18712 ,2.65K,-2.40%,,1340
2019/5/5,18934 ,18997 ,19200 ,18497 ,1.08K,-0.33%,,1339
2019/5/6,20238 ,18934 ,20689 ,18620 ,3.00K,6.89%,,1338
2019/5/7,19512 ,20238 ,21224 ,19458 ,2.05K,-3.59%,,1337
2019/5/8,19501 ,19512 ,19704 ,18905 ,2.10K,-0.06%,,1336
2019/5/9,19073 ,19501 ,19792 ,18797 ,0.86K,-2.20%,,1335
2019/5/10,19199 ,19073 ,19555 ,18822 ,1.53K,0.66%,,1334
2019/5/11,20943 ,19199 ,22352 ,19199 ,6.59K,9.08%,,1333
2019/5/12,20693 ,20943 ,22043 ,20262 ,7.60K,-1.19%,,1332
2019/5/13,21199 ,20693 ,22245 ,20414 ,5.61K,2.45%,,1331
2019/5/14,23773 ,21199 ,24029 ,21199 ,6.12K,12.14%,,1330
2019/5/15,27080 ,23707 ,27160 ,23707 ,5.61K,13.91%,,1329
2019/5/16,28796 ,27080 ,30593 ,26830 ,18.39K,6.34%,,1328
2019/5/17,26977 ,28796 ,29494 ,25000 ,11.66K,-6.32%,,1327
2019/5/18,25816 ,26977 ,27423 ,25526 ,2.94K,-4.30%,,1326
2019/5/19,28700 ,25816 ,29075 ,25536 ,4.98K,11.17%,,1325
2019/5/20,27782 ,28700 ,28700 ,26488 ,4.66K,-3.20%,,1324
2019/5/21,28275 ,27782 ,29033 ,27369 ,1.68K,1.77%,,1323
2019/5/22,26950 ,28098 ,28665 ,26593 ,2.60K,-4.69%,,1322
2019/5/23,26806 ,26950 ,26996 ,25461 ,1.85K,-0.53%,,1321
2019/5/24,27279 ,26806 ,27862 ,26689 ,0.96K,1.76%,,1320
2019/5/25,27461 ,27279 ,28174 ,27132 ,0.98K,0.67%,,1319
2019/5/26,29408 ,27428 ,29906 ,26902 ,3.49K,7.09%,,1318
2019/5/27,29946 ,29408 ,30435 ,28978 ,2.77K,1.83%,,1317
2019/5/28,29695 ,29946 ,30230 ,29007 ,1.89K,-0.84%,,1316
2019/5/29,29554 ,29695 ,30041 ,28574 ,1.66K,-0.47%,,1315
2019/5/30,27821 ,29554 ,31715 ,26321 ,7.41K,-5.86%,,1314
2019/5/31,29042 ,27821 ,29042 ,26846 ,2.00K,4.39%,,1313
2019/6/1,28613 ,29042 ,29837 ,28247 ,1.57K,-1.48%,,1312
2019/6/2,29154 ,28613 ,29579 ,28574 ,0.81K,1.89%,,1311
2019/6/3,26966 ,29154 ,29154 ,26710 ,2.35K,-7.50%,,1310
2019/6/4,26127 ,26966 ,27161 ,25466 ,4.00K,-3.11%,,1309
2019/6/5,26688 ,26127 ,27063 ,25799 ,1.75K,2.15%,,1308
2019/6/6,27073 ,26688 ,27282 ,25589 ,1.44K,1.44%,,1307
2019/6/7,27094 ,27083 ,27453 ,26558 ,1.95K,0.08%,,1306
2019/6/8,26480 ,27094 ,27154 ,26213 ,0.44K,-2.27%,,1305
2019/6/9,24969 ,26480 ,26487 ,24611 ,1.41K,-5.71%,,1304
2019/6/10,26929 ,24969 ,26929 ,24763 ,2.10K,7.85%,,1303
2019/6/11,26599 ,26867 ,26964 ,25769 ,1.55K,-1.23%,,1302
2019/6/12,28556 ,26599 ,28575 ,26421 ,3.46K,7.36%,,1301
2019/6/13,27572 ,28556 ,28689 ,27463 ,1.64K,-3.45%,,1300
2019/6/14,28650 ,27574 ,28831 ,27192 ,3.35K,3.91%,,1299
2019/6/15,29209 ,28650 ,29691 ,28447 ,1.02K,1.95%,,1298
2019/6/16,29199 ,29209 ,30297 ,28704 ,2.16K,-0.03%,,1297
2019/6/17,29773 ,29199 ,29951 ,29082 ,0.67K,1.97%,,1296
2019/6/18,28769 ,29773 ,29773 ,28354 ,1.89K,-3.37%,,1295
2019/6/19,29108 ,28769 ,29275 ,28681 ,0.53K,1.18%,,1294
2019/6/20,29265 ,29138 ,29501 ,28794 ,0.47K,0.54%,,1293
2019/6/21,31765 ,29265 ,31939 ,29265 ,2.45K,8.54%,,1292
2019/6/22,33362 ,31765 ,33872 ,31547 ,4.82K,5.03%,,1291
2019/6/23,33148 ,33362 ,34547 ,32889 ,2.82K,-0.64%,,1290
2019/6/24,33443 ,33148 ,33642 ,31492 ,3.55K,0.89%,,1289
2019/6/25,33894 ,33443 ,34066 ,32642 ,2.54K,1.35%,,1288
2019/6/26,35768 ,33894 ,39114 ,33748 ,17.35K,5.53%,,1287
2019/6/27,31652 ,35768 ,36694 ,29939 ,7.06K,-11.51%,,1286
2019/6/28,33358 ,31652 ,33579 ,31341 ,2.03K,5.39%,,1285
2019/6/29,34402 ,33358 ,35066 ,31519 ,2.76K,3.13%,,1284
2019/6/30,31395 ,34506 ,34979 ,31183 ,3.00K,-8.74%,,1283
2019/7/1,32120 ,31395 ,32687 ,30580 ,2.59K,2.31%,,1282
2019/7/2,31500 ,32120 ,32232 ,29617 ,3.43K,-1.93%,,1281
2019/7/3,32595 ,31587 ,32692 ,31271 ,2.68K,3.48%,,1280
2019/7/4,30632 ,32595 ,32705 ,30227 ,3.55K,-6.02%,,1279
2019/7/5,31208 ,30632 ,31905 ,30354 ,1.76K,1.88%,,1278
2019/7/6,31303 ,31208 ,32383 ,31053 ,2.44K,0.30%,,1277
2019/7/7,33319 ,31303 ,33765 ,30931 ,4.74K,6.44%,,1276
2019/7/8,34106 ,33319 ,34230 ,32828 ,3.33K,2.36%,,1275
2019/7/9,33539 ,34106 ,34501 ,32995 ,1.51K,-1.66%,,1274
2019/7/10,31248 ,33539 ,34339 ,30528 ,4.92K,-6.83%,,1273
2019/7/11,29184 ,31248 ,31248 ,28253 ,3.69K,-6.61%,,1272
2019/7/12,29673 ,29184 ,30222 ,28926 ,1.53K,1.68%,,1271
2019/7/13,29004 ,29673 ,29673 ,28165 ,1.55K,-2.25%,,1270
2019/7/14,24429 ,29004 ,29004 ,24122 ,7.15K,-15.77%,,1269
2019/7/15,24531 ,24429 ,25323 ,21952 ,7.28K,0.42%,,1268
2019/7/16,21564 ,24541 ,25089 ,20675 ,6.52K,-12.09%,,1267
2019/7/17,22771 ,21564 ,23701 ,20773 ,6.11K,5.60%,,1266
2019/7/18,24236 ,22771 ,24576 ,22228 ,5.39K,6.43%,,1265
2019/7/19,23804 ,24236 ,24301 ,22988 ,2.41K,-1.78%,,1264
2019/7/20,24610 ,23804 ,25314 ,23710 ,3.83K,3.39%,,1263
2019/7/21,24249 ,24610 ,24694 ,23395 ,3.40K,-1.47%,,1262
2019/7/22,23420 ,24249 ,24531 ,22909 ,1.96K,-3.42%,,1261
2019/7/23,22923 ,23420 ,23707 ,22649 ,1.80K,-2.12%,,1260
2019/7/24,23484 ,22923 ,23645 ,21808 ,2.73K,2.45%,,1259
2019/7/25,23836 ,23484 ,24413 ,23328 ,1.84K,1.50%,,1258
2019/7/26,23801 ,23836 ,23963 ,23226 ,1.70K,-0.15%,,1257
2019/7/27,22493 ,23801 ,24281 ,22030 ,6.54K,-5.50%,,1256
2019/7/28,22863 ,22493 ,23135 ,21542 ,2.32K,1.64%,,1255
2019/7/29,22972 ,22863 ,23318 ,22505 ,0.90K,0.48%,,1254
2019/7/30,22771 ,22972 ,23308 ,22212 ,2.48K,-0.87%,,1253
2019/7/31,23811 ,22771 ,23866 ,22770 ,2.83K,4.57%,,1252
2019/8/1,23357 ,23811 ,23811 ,23038 ,1.22K,-1.91%,,1251
2019/8/2,23143 ,23357 ,23804 ,22916 ,1.36K,-0.92%,,1250
2019/8/3,23625 ,23143 ,23932 ,23109 ,1.54K,2.08%,,1249
2019/8/4,23700 ,23625 ,23835 ,23155 ,1.46K,0.32%,,1248
2019/8/5,24672 ,23700 ,25108 ,23681 ,3.96K,4.10%,,1247
2019/8/6,24056 ,24672 ,25526 ,23746 ,3.55K,-2.50%,,1246
2019/8/7,23979 ,24056 ,24466 ,23392 ,3.22K,-0.32%,,1245
2019/8/8,23517 ,23979 ,24104 ,22907 ,2.51K,-1.93%,,1244
2019/8/9,22293 ,23517 ,23517 ,21890 ,4.05K,-5.20%,,1243
2019/8/10,21826 ,22293 ,22706 ,21253 ,3.50K,-2.09%,,1242
2019/8/11,22870 ,21826 ,22878 ,21796 ,1.45K,4.78%,,1241
2019/8/12,22295 ,22871 ,22906 ,22151 ,1.53K,-2.51%,,1240
2019/8/13,22321 ,22295 ,22474 ,21837 ,2.17K,0.12%,,1239
2019/8/14,19786 ,22321 ,22355 ,19379 ,4.02K,-11.36%,,1238
2019/8/15,19993 ,19786 ,20123 ,18457 ,4.03K,1.05%,,1237
2019/8/16,19742 ,19993 ,19997 ,18985 ,1.89K,-1.26%,,1236
2019/8/17,19718 ,19742 ,19916 ,19391 ,0.72K,-0.12%,,1235
2019/8/18,20745 ,19718 ,21095 ,19532 ,1.11K,5.21%,,1234
2019/8/19,21656 ,20745 ,21738 ,20579 ,1.46K,4.39%,,1233
2019/8/20,21045 ,21656 ,21656 ,20766 ,0.81K,-2.82%,,1232
2019/8/21,19778 ,21045 ,21045 ,19233 ,1.54K,-6.02%,,1231
2019/8/22,20335 ,19778 ,20799 ,19535 ,1.15K,2.82%,,1230
2019/8/23,20559 ,20335 ,20888 ,20126 ,0.93K,1.10%,,1229
2019/8/24,20147 ,20530 ,20530 ,19641 ,1.09K,-2.00%,,1228
2019/8/25,19489 ,20147 ,20293 ,19224 ,1.11K,-3.27%,,1227
2019/8/26,20027 ,19489 ,20396 ,19489 ,1.42K,2.76%,,1226
2019/8/27,19818 ,20027 ,20027 ,19537 ,0.55K,-1.04%,,1225
2019/8/28,18376 ,19818 ,19926 ,17660 ,2.32K,-7.28%,,1224
2019/8/29,18052 ,18376 ,18376 ,17464 ,1.03K,-1.76%,,1223
2019/8/30,17924 ,18052 ,18164 ,17714 ,0.78K,-0.71%,,1222
2019/8/31,18288 ,17924 ,18647 ,17682 ,0.90K,2.03%,,1221
2019/9/1,18166 ,18288 ,18483 ,17893 ,0.87K,-0.67%,,1220
2019/9/2,18924 ,18166 ,19190 ,18110 ,1.38K,4.17%,,1219
2019/9/3,18975 ,18924 ,19371 ,18583 ,3.04K,0.27%,,1218
2019/9/4,18532 ,18975 ,19125 ,18506 ,1.17K,-2.33%,,1217
2019/9/5,18695 ,18532 ,18807 ,18094 ,1.10K,0.88%,,1216
2019/9/6,18131 ,18695 ,19073 ,17792 ,1.17K,-3.02%,,1215
2019/9/7,19061 ,18131 ,19349 ,18098 ,1.88K,5.13%,,1214
2019/9/8,19312 ,19061 ,19767 ,18965 ,0.60K,1.32%,,1213
2019/9/9,19400 ,19312 ,19962 ,18903 ,0.91K,0.46%,,1212
2019/9/10,19342 ,19400 ,19832 ,19016 ,0.47K,-0.30%,,1211
2019/9/11,19287 ,19342 ,19623 ,18854 ,0.60K,-0.28%,,1210
2019/9/12,19610 ,19287 ,19786 ,19130 ,0.51K,1.67%,,1209
2019/9/13,19634 ,19610 ,19681 ,19277 ,0.35K,0.12%,,1208
2019/9/14,20407 ,19639 ,20455 ,19509 ,0.95K,3.94%,,1207
2019/9/15,20443 ,20407 ,20619 ,20187 ,0.44K,0.18%,,1206
2019/9/16,21452 ,20443 ,21643 ,20371 ,1.81K,4.94%,,1205
2019/9/17,22550 ,21452 ,23328 ,21269 ,3.85K,5.12%,,1204
2019/9/18,22844 ,22550 ,23589 ,22548 ,2.26K,1.30%,,1203
2019/9/19,23922 ,22844 ,24241 ,21903 ,0.90K,4.72%,,1202
2019/9/20,23510 ,23922 ,23974 ,22926 ,0.65K,-1.72%,,1201
2019/9/21,23286 ,23510 ,23799 ,23008 ,0.37K,-0.95%,,1200
2019/9/22,22883 ,23286 ,23286 ,22235 ,0.69K,-1.73%,,1199
2019/9/23,21620 ,22883 ,22883 ,21428 ,0.32K,-5.52%,,1198
2019/9/24,17898 ,21663 ,21826 ,16585 ,5.99K,-17.22%,,1197
2019/9/25,18399 ,17850 ,18779 ,17479 ,1.67K,2.80%,,1196
2019/9/26,17958 ,18399 ,18417 ,16492 ,2.56K,-2.40%,,1195
2019/9/27,18764 ,17958 ,19135 ,17521 ,1.09K,4.49%,,1194
2019/9/28,18844 ,18764 ,18999 ,18265 ,0.58K,0.43%,,1193
2019/9/29,18348 ,18844 ,18844 ,17756 ,1.42K,-2.63%,,1192
2019/9/30,19657 ,18357 ,19657 ,17879 ,2.48K,7.13%,,1191
2019/10/1,19079 ,19657 ,20148 ,18772 ,0.89K,-2.94%,,1190
2019/10/2,19450 ,19079 ,19495 ,18824 ,0.48K,1.94%,,1189
2019/10/3,18716 ,19450 ,19450 ,18156 ,1.30K,-3.77%,,1188
2019/10/4,18916 ,18716 ,19197 ,18353 ,0.51K,1.07%,,1187
2019/10/5,18893 ,18916 ,18974 ,18472 ,0.31K,-0.12%,,1186
2019/10/6,18229 ,18893 ,18978 ,18012 ,0.92K,-3.51%,,1185
2019/10/7,19514 ,18229 ,19604 ,18062 ,0.98K,7.05%,,1184
2019/10/8,19443 ,19514 ,19920 ,19077 ,0.52K,-0.36%,,1183
2019/10/9,20835 ,19443 ,20998 ,19280 ,1.82K,7.16%,,1182
2019/10/10,20668 ,20835 ,20923 ,20196 ,0.43K,-0.80%,,1181
2019/10/11,19579 ,20668 ,21292 ,19510 ,1.56K,-5.27%,,1180
2019/10/12,19585 ,19579 ,20002 ,19302 ,0.21K,0.03%,,1179
2019/10/13,19735 ,19585 ,20044 ,19437 ,0.20K,0.77%,,1178
2019/10/14,20288 ,19735 ,20330 ,19620 ,0.51K,2.80%,,1177
2019/10/15,19679 ,20288 ,20479 ,19327 ,1.03K,-3.00%,,1176
2019/10/16,19047 ,19679 ,19716 ,18818 ,0.73K,-3.21%,,1175
2019/10/17,19280 ,19047 ,19516 ,18845 ,0.44K,1.22%,,1174
2019/10/18,18825 ,19280 ,19323 ,18382 ,0.51K,-2.36%,,1173
2019/10/19,18681 ,18825 ,19040 ,18495 ,0.74K,-0.76%,,1172
2019/10/20,19082 ,18681 ,19246 ,18446 ,1.13K,2.15%,,1171
2019/10/21,19015 ,19082 ,19400 ,18743 ,0.37K,-0.35%,,1170
2019/10/22,18649 ,19015 ,19239 ,18602 ,0.35K,-1.92%,,1169
2019/10/23,17675 ,18649 ,18660 ,16692 ,1.96K,-5.22%,,1168
2019/10/24,17525 ,17675 ,17763 ,17252 ,0.91K,-0.85%,,1167
2019/10/25,19772 ,17525 ,20428 ,17525 ,1.99K,12.82%,,1166
2019/10/26,19575 ,19772 ,21629 ,18949 ,4.62K,-1.00%,,1165
2019/10/27,20081 ,19575 ,20572 ,19287 ,1.26K,2.58%,,1164
2019/10/28,19888 ,20081 ,20703 ,19786 ,0.47K,-0.96%,,1163
2019/10/29,20839 ,19888 ,21070 ,19846 ,0.35K,4.78%,,1162
2019/10/30,19948 ,20839 ,20957 ,19644 ,0.51K,-4.28%,,1161
2019/10/31,19727 ,19948 ,20210 ,19332 ,0.33K,-1.11%,,1160
2019/11/1,19907 ,19727 ,20014 ,19212 ,0.32K,0.91%,,1159
2019/11/2,19895 ,19907 ,20171 ,19813 ,0.08K,-0.06%,,1158
2019/11/3,19815 ,19895 ,20025 ,19402 ,0.21K,-0.40%,,1157
2019/11/4,20277 ,19815 ,20645 ,19615 ,0.71K,2.33%,,1156
2019/11/5,20658 ,20277 ,21020 ,19905 ,0.42K,1.88%,,1155
2019/11/6,20971 ,20680 ,21273 ,20576 ,0.30K,1.51%,,1154
2019/11/7,20416 ,20971 ,20971 ,20205 ,0.41K,-2.64%,,1153
2019/11/8,20107 ,20416 ,20529 ,19797 ,0.37K,-1.51%,,1152
2019/11/9,20217 ,20073 ,20273 ,19985 ,0.19K,0.55%,,1151
2019/11/10,20703 ,20226 ,20963 ,20084 ,0.27K,2.40%,,1150
2019/11/11,20199 ,20703 ,20762 ,20138 ,0.18K,-2.43%,,1149
2019/11/12,20370 ,20199 ,20456 ,19927 ,0.21K,0.84%,,1148
2019/11/13,20522 ,20370 ,20641 ,20227 ,0.29K,0.75%,,1147
2019/11/14,20123 ,20522 ,20583 ,19899 ,0.33K,-1.95%,,1146
2019/11/15,19638 ,20123 ,20344 ,19258 ,0.82K,-2.41%,,1145
2019/11/16,19916 ,19638 ,20011 ,19544 ,0.08K,1.42%,,1144
2019/11/17,20067 ,19916 ,20327 ,19688 ,0.21K,0.76%,,1143
2019/11/18,19437 ,20067 ,20116 ,19064 ,1.32K,-3.14%,,1142
2019/11/19,19109 ,19437 ,19437 ,18847 ,0.37K,-1.69%,,1141
2019/11/20,19033 ,19109 ,19321 ,18904 ,0.40K,-0.40%,,1140
2019/11/21,17593 ,19033 ,19076 ,17088 ,0.99K,-7.57%,,1139
2019/11/22,16371 ,17593 ,17745 ,15022 ,4.03K,-6.95%,,1138
2019/11/23,16663 ,16371 ,16839 ,16000 ,0.89K,1.78%,,1137
2019/11/24,15304 ,16663 ,16663 ,15249 ,0.75K,-8.16%,,1136
2019/11/25,16004 ,15304 ,16593 ,14534 ,4.41K,4.57%,,1135
2019/11/26,16236 ,16004 ,16421 ,15788 ,0.53K,1.45%,,1134
2019/11/27,16833 ,16236 ,17065 ,15505 ,0.35K,3.68%,,1133
2019/11/28,16591 ,16833 ,17000 ,16506 ,0.40K,-1.44%,,1132
2019/11/29,17022 ,16591 ,17334 ,16591 ,0.35K,2.60%,,1131
2019/11/30,16765 ,17022 ,17115 ,16487 ,0.51K,-1.51%,,1130
2019/12/1,16669 ,16765 ,16765 ,16072 ,0.48K,-0.57%,,1129
2019/12/2,16332 ,16669 ,16730 ,16144 ,0.39K,-2.02%,,1128
2019/12/3,16116 ,16332 ,16443 ,15977 ,0.27K,-1.32%,,1127
2019/12/4,15945 ,16116 ,16724 ,15692 ,1.01K,-1.06%,,1126
2019/12/5,16225 ,15945 ,16327 ,15755 ,0.40K,1.76%,,1125
2019/12/6,16187 ,16225 ,16353 ,15988 ,0.32K,-0.23%,,1124
2019/12/7,16115 ,16187 ,16309 ,16037 ,0.15K,-0.44%,,1123
2019/12/8,16450 ,16115 ,16549 ,15937 ,0.10K,2.08%,,1122
2019/12/9,16100 ,16450 ,16486 ,16016 ,0.74K,-2.13%,,1121
2019/12/10,15945 ,16100 ,16145 ,15739 ,0.26K,-0.96%,,1120
2019/12/11,15581 ,15922 ,15962 ,15518 ,0.13K,-2.28%,,1119
2019/12/12,15930 ,15581 ,16006 ,15231 ,0.37K,2.24%,,1118
2019/12/13,15896 ,15930 ,15944 ,15795 ,0.13K,-0.21%,,1117
2019/12/14,15613 ,15896 ,15929 ,15476 ,0.21K,-1.78%,,1116
2019/12/15,15648 ,15613 ,15822 ,15392 ,0.29K,0.23%,,1115
2019/12/16,14605 ,15648 ,15683 ,14282 ,2.17K,-6.67%,,1114
2019/12/17,13461 ,14605 ,14609 ,13324 ,1.86K,-7.83%,,1113
2019/12/18,14628 ,13461 ,14792 ,12824 ,1.97K,8.67%,,1112
2019/12/19,14025 ,14628 ,14754 ,13869 ,0.78K,-4.12%,,1111
2019/12/20,14100 ,14025 ,14199 ,13894 ,0.28K,0.53%,,1110
2019/12/21,13955 ,14100 ,14100 ,13919 ,0.09K,-1.03%,,1109
2019/12/22,14543 ,13954 ,14571 ,13945 ,0.35K,4.21%,,1108
2019/12/23,14051 ,14543 ,14856 ,13853 ,0.68K,-3.38%,,1107
2019/12/24,14000 ,14051 ,14125 ,13911 ,0.15K,-0.36%,,1106
2019/12/25,13706 ,14000 ,14000 ,13592 ,0.70K,-2.10%,,1105
2019/12/26,13796 ,13706 ,14535 ,13665 ,0.19K,0.65%,,1104
2019/12/27,13895 ,13796 ,13944 ,13467 ,0.50K,0.72%,,1103
2019/12/28,14077 ,13895 ,14252 ,13895 ,0.12K,1.31%,,1102
2019/12/29,14762 ,14077 ,15168 ,14017 ,0.60K,4.87%,,1101
2019/12/30,14356 ,14762 ,14882 ,14214 ,0.21K,-2.75%,,1100
2019/12/31,14061 ,14356 ,14534 ,13957 ,0.35K,-2.05%,,1099
2020/1/1,14219 ,14061 ,14786 ,14020 ,4.93K,1.12%,,1098
2020/1/2,13862 ,14219 ,14222 ,13761 ,0.59K,-2.51%,,1097
2020/1/3,14536 ,13862 ,14609 ,13674 ,0.76K,4.86%,,1096
2020/1/4,14521 ,14536 ,14689 ,14390 ,0.03K,-0.10%,,1095
2020/1/5,14553 ,14521 ,14956 ,14505 ,0.08K,0.22%,,1094
2020/1/6,15536 ,14553 ,15632 ,14553 ,0.12K,6.75%,,1093
2020/1/7,15464 ,15624 ,15736 ,15104 ,0.54K,-0.46%,,1092
2020/1/8,15330 ,15464 ,15944 ,14999 ,0.58K,-0.87%,,1091
2020/1/9,14910 ,15330 ,15430 ,14853 ,0.36K,-2.74%,,1090
2020/1/10,15698 ,14910 ,15867 ,14862 ,0.35K,5.29%,,1089
2020/1/11,15601 ,15698 ,16059 ,15583 ,0.12K,-0.62%,,1088
2020/1/12,16003 ,15601 ,16003 ,15601 ,0.06K,2.57%,,1087
2020/1/13,15823 ,16003 ,16102 ,15657 ,0.09K,-1.12%,,1086
2020/1/14,18117 ,15823 ,18656 ,15823 ,1.12K,14.50%,,1085
2020/1/15,18203 ,18095 ,18802 ,17507 ,1.20K,0.48%,,1084
2020/1/16,18128 ,18203 ,18328 ,17488 ,0.46K,-0.41%,,1083
2020/1/17,18831 ,18128 ,19037 ,17848 ,1.13K,3.88%,,1082
2020/1/18,19293 ,18831 ,19702 ,18329 ,1.17K,2.45%,,1081
2020/1/19,18372 ,19293 ,19519 ,17827 ,0.52K,-4.77%,,1080
2020/1/20,18403 ,18372 ,18619 ,17804 ,0.39K,0.17%,,1079
2020/1/21,18649 ,18403 ,18649 ,18125 ,0.99K,1.34%,,1078
2020/1/22,18399 ,18649 ,18811 ,18216 ,0.21K,-1.34%,,1077
2020/1/23,17739 ,18399 ,18399 ,17460 ,0.28K,-3.59%,,1076
2020/1/24,17743 ,17739 ,17941 ,17107 ,0.26K,0.02%,,1075
2020/1/25,17576 ,17743 ,17779 ,17332 ,0.40K,-0.94%,,1074
2020/1/26,18203 ,17576 ,18331 ,17445 ,0.99K,3.57%,,1073
2020/1/27,18560 ,18203 ,18732 ,18058 ,0.28K,1.96%,,1072
2020/1/28,19254 ,18560 ,19254 ,18560 ,0.31K,3.74%,,1071
2020/1/29,18959 ,19254 ,19457 ,18939 ,0.25K,-1.53%,,1070
2020/1/30,20070 ,18959 ,20335 ,18644 ,1.15K,5.86%,,1069
2020/1/31,19477 ,20091 ,20180 ,19090 ,0.48K,-2.95%,,1068
2020/2/1,19926 ,19477 ,19974 ,19477 ,0.38K,2.31%,,1067
2020/2/2,20493 ,19926 ,21012 ,19497 ,0.34K,2.85%,,1066
2020/2/3,20655 ,20493 ,21225 ,20363 ,0.28K,0.79%,,1065
2020/2/4,20703 ,20655 ,20809 ,20178 ,0.50K,0.23%,,1064
2020/2/5,22403 ,20703 ,22799 ,20613 ,1.20K,8.21%,,1063
2020/2/6,23355 ,22403 ,23727 ,22182 ,1.37K,4.25%,,1062
2020/2/7,24527 ,23355 ,24573 ,23355 ,1.61K,5.02%,,1061
2020/2/8,24520 ,24527 ,24933 ,23392 ,0.65K,-0.03%,,1060
2020/2/9,25046 ,24520 ,25237 ,24456 ,0.23K,2.14%,,1059
2020/2/10,24496 ,25046 ,25046 ,23766 ,2.75K,-2.20%,,1058
2020/2/11,25959 ,24496 ,26217 ,24000 ,0.98K,5.97%,,1057
2020/2/12,29126 ,25959 ,30127 ,25959 ,3.40K,12.20%,,1056
2020/2/13,29368 ,29126 ,30281 ,28163 ,2.00K,0.83%,,1055
2020/2/14,31237 ,29368 ,31269 ,28705 ,1.01K,6.36%,,1054
2020/2/15,29062 ,31288 ,31499 ,28985 ,2.39K,-6.96%,,1053
2020/2/16,28773 ,29062 ,30040 ,26175 ,2.97K,-0.99%,,1052
2020/2/17,29407 ,28423 ,29460 ,26695 ,2.39K,2.20%,,1051
2020/2/18,31031 ,29407 ,31413 ,28540 ,1.52K,5.52%,,1050
2020/2/19,28807 ,31031 ,31874 ,27956 ,1.63K,-7.17%,,1049
2020/2/20,28844 ,28807 ,29297 ,27451 ,2.42K,0.13%,,1048
2020/2/21,29616 ,28844 ,29952 ,28511 ,0.29K,2.68%,,1047
2020/2/22,29268 ,29616 ,29756 ,28708 ,0.13K,-1.18%,,1046
2020/2/23,30799 ,29268 ,30799 ,29268 ,0.44K,5.23%,,1045
2020/2/24,29524 ,30799 ,30993 ,28349 ,1.30K,-4.14%,,1044
2020/2/25,27419 ,29524 ,29524 ,27152 ,0.94K,-7.13%,,1043
2020/2/26,24732 ,27419 ,27646 ,24094 ,2.88K,-9.80%,,1042
2020/2/27,24918 ,24732 ,26145 ,23278 ,1.67K,0.75%,,1041
2020/2/28,24611 ,24918 ,25556 ,23298 ,0.37K,-1.23%,,1040
2020/2/29,23757 ,24611 ,25231 ,23739 ,0.52K,-3.47%,,1039
2020/3/1,23611 ,23757 ,24671 ,23111 ,0.81K,-0.61%,,1038
2020/3/2,25131 ,23588 ,25332 ,23518 ,0.39K,6.44%,,1037
2020/3/3,24168 ,25131 ,25213 ,23804 ,0.54K,-3.83%,,1036
2020/3/4,24192 ,24168 ,24614 ,23742 ,0.19K,0.10%,,1035
2020/3/5,24243 ,24192 ,25089 ,24192 ,0.54K,0.21%,,1034
2020/3/6,25830 ,24243 ,25863 ,24243 ,0.31K,6.55%,,1033
2020/3/7,25074 ,25830 ,26471 ,25001 ,1.04K,-2.93%,,1032
2020/3/8,20482 ,25074 ,25074 ,20482 ,1.69K,-18.31%,,1031
2020/3/9,21033 ,20482 ,21666 ,19635 ,2.21K,2.69%,,1030
2020/3/10,21071 ,21033 ,21612 ,20460 ,1.56K,0.18%,,1029
2020/3/11,20439 ,21071 ,21375 ,19181 ,1.93K,-3.00%,,1028
2020/3/12,11449 ,20439 ,20515 ,10820 ,32.84K,-43.98%,,1027
2020/3/13,14571 ,11481 ,15134 ,9459 ,30.18K,27.27%,,1026
2020/3/14,13287 ,14571 ,14625 ,13191 ,2.69K,-8.81%,,1025
2020/3/15,13263 ,13287 ,14356 ,12958 ,1.58K,-0.18%,,1024
2020/3/16,11796 ,13263 ,13348 ,10778 ,4.20K,-11.06%,,1023
2020/3/17,12511 ,11796 ,13016 ,11778 ,2.50K,6.07%,,1022
2020/3/18,12815 ,12511 ,12815 ,12023 ,0.29K,2.43%,,1021
2020/3/19,15243 ,12815 ,15879 ,12677 ,2.57K,18.95%,,1020
2020/3/20,14749 ,15243 ,16742 ,12924 ,2.05K,-3.24%,,1019
2020/3/21,14715 ,14749 ,15204 ,14066 ,0.41K,-0.23%,,1018
2020/3/22,13545 ,14715 ,15175 ,13447 ,0.33K,-7.95%,,1017
2020/3/23,14949 ,13545 ,15184 ,13250 ,2.08K,10.37%,,1016
2020/3/24,15424 ,14949 ,15907 ,14715 ,0.31K,3.18%,,1015
2020/3/25,15095 ,15424 ,15848 ,14700 ,0.44K,-2.13%,,1014
2020/3/26,15081 ,15095 ,15345 ,14692 ,0.07K,-0.09%,,1013
2020/3/27,14137 ,15081 ,15317 ,14000 ,0.53K,-6.26%,,1012
2020/3/28,14088 ,14137 ,14279 ,13566 ,0.54K,-0.34%,,1011
2020/3/29,13491 ,14088 ,14162 ,13375 ,0.20K,-4.24%,,1010
2020/3/30,14357 ,13491 ,14585 ,13491 ,0.46K,6.42%,,1009
2020/3/31,14442 ,14357 ,14517 ,14213 ,0.12K,0.59%,,1008
2020/4/1,14702 ,14442 ,14702 ,13835 ,0.23K,1.80%,,1007
2020/4/2,15328 ,14702 ,16215 ,14655 ,0.48K,4.26%,,1006
2020/4/3,15417 ,15328 ,15930 ,14987 ,0.04K,0.58%,,1005
2020/4/4,15672 ,15417 ,15853 ,15197 ,0.13K,1.66%,,1004
2020/4/5,15545 ,15672 ,15783 ,15361 ,0.10K,-0.81%,,1003
2020/4/6,18551 ,15532 ,18551 ,15532 ,0.16K,19.34%,,1002
2020/4/7,17935 ,18551 ,19138 ,17747 ,0.29K,-3.32%,,1001
2020/4/8,18852 ,17935 ,18942 ,17849 ,0.05K,5.11%,,1000
2020/4/9,18473 ,18852 ,18877 ,18146 ,0.10K,-2.01%,,999
2020/4/10,17075 ,18473 ,18473 ,16663 ,7.27K,-7.57%,,998
2020/4/11,17152 ,17075 ,17462 ,16782 ,0.44K,0.45%,,997
2020/4/12,17548 ,17152 ,17909 ,16908 ,0.37K,2.31%,,996
2020/4/13,17007 ,17548 ,17548 ,16212 ,0.34K,-3.08%,,995
2020/4/14,16884 ,17007 ,17203 ,16746 ,0.16K,-0.73%,,994
2020/4/15,16456 ,16884 ,17275 ,16443 ,0.87K,-2.53%,,993
2020/4/16,18614 ,16456 ,18851 ,16087 ,5.27K,13.11%,,992
2020/4/17,18465 ,18614 ,18824 ,18176 ,3.04K,-0.80%,,991
2020/4/18,20187 ,18465 ,20393 ,18465 ,3.70K,9.33%,,990
2020/4/19,19429 ,20187 ,20267 ,19032 ,2.16K,-3.75%,,989
2020/4/20,18412 ,19429 ,20111 ,17989 ,2.73K,-5.23%,,988
2020/4/21,18380 ,18412 ,18698 ,18066 ,1.21K,-0.17%,,987
2020/4/22,19687 ,18394 ,19840 ,18352 ,2.23K,7.11%,,986
2020/4/23,20006 ,19687 ,20626 ,19269 ,2.75K,1.62%,,985
2020/4/24,20070 ,20006 ,20453 ,19948 ,2.32K,0.32%,,984
2020/4/25,20817 ,20070 ,21038 ,20060 ,0.15K,3.72%,,983
2020/4/26,21217 ,20817 ,21320 ,20693 ,1.05K,1.92%,,982
2020/4/27,21112 ,21233 ,21375 ,20490 ,1.39K,-0.49%,,981
2020/4/28,20996 ,21112 ,21112 ,20676 ,0.56K,-0.55%,,980
2020/4/29,22908 ,20996 ,23195 ,20942 ,1.34K,9.11%,,979
2020/4/30,22094 ,22908 ,24055 ,21554 ,2.59K,-3.55%,,978
2020/5/1,22653 ,22094 ,23221 ,22094 ,2.06K,2.53%,,977
2020/5/2,22892 ,22605 ,23007 ,22544 ,0.80K,1.06%,,976
2020/5/3,22392 ,22892 ,23418 ,21894 ,1.97K,-2.18%,,975
2020/5/4,22049 ,22392 ,22442 ,20820 ,2.22K,-1.53%,,974
2020/5/5,21854 ,22049 ,22595 ,21611 ,1.15K,-0.88%,,973
2020/5/6,21117 ,21854 ,22385 ,21066 ,1.51K,-3.37%,,972
2020/5/7,22653 ,21117 ,22827 ,20943 ,3.09K,7.28%,,971
2020/5/8,22610 ,22653 ,23054 ,22062 ,1.57K,-0.19%,,970
2020/5/9,22388 ,22610 ,22883 ,22286 ,1.32K,-0.98%,,969
2020/5/10,20099 ,22388 ,22388 ,19185 ,9.18K,-10.22%,,968
2020/5/11,19964 ,20099 ,20599 ,18928 ,1.89K,-0.67%,,967
2020/5/12,20289 ,19964 ,20617 ,19962 ,1.30K,1.63%,,966
2020/5/13,21389 ,20289 ,21511 ,20223 ,0.79K,5.42%,,965
2020/5/14,21833 ,21389 ,21986 ,21088 ,0.89K,2.08%,,964
2020/5/15,20822 ,21833 ,21833 ,20596 ,1.18K,-4.63%,,963
2020/5/16,21468 ,20822 ,21761 ,20746 ,0.78K,3.10%,,962
2020/5/17,22180 ,21468 ,22443 ,21396 ,1.77K,3.32%,,961
2020/5/18,23018 ,22180 ,23222 ,22180 ,1.47K,3.78%,,960
2020/5/19,22986 ,23018 ,23215 ,22528 ,0.28K,-0.14%,,959
2020/5/20,22572 ,22986 ,23233 ,22183 ,2.34K,-1.80%,,958
2020/5/21,21453 ,22572 ,22772 ,20654 ,2.33K,-4.96%,,957
2020/5/22,22333 ,21453 ,22513 ,21186 ,1.93K,4.10%,,956
2020/5/23,22272 ,22333 ,22744 ,22095 ,0.56K,-0.27%,,955
2020/5/24,21505 ,22272 ,22690 ,21505 ,1.23K,-3.44%,,954
2020/5/25,21977 ,21505 ,22158 ,21373 ,0.60K,2.19%,,953
2020/5/26,21607 ,21977 ,22086 ,21200 ,0.79K,-1.68%,,952
2020/5/27,22443 ,21607 ,22452 ,21607 ,1.98K,3.87%,,951
2020/5/28,23710 ,22443 ,23741 ,22119 ,1.24K,5.65%,,950
2020/5/29,23839 ,23710 ,24193 ,23447 ,1.56K,0.54%,,949
2020/5/30,26229 ,23839 ,26613 ,23624 ,44.61K,10.03%,,948
2020/5/31,24978 ,26229 ,26433 ,24766 ,2.34K,-4.77%,,947
2020/6/1,26942 ,24978 ,27030 ,24872 ,2.05K,7.86%,,946
2020/6/2,25827 ,26942 ,27400 ,24443 ,3.98K,-4.14%,,945
2020/6/3,26637 ,25827 ,26655 ,25430 ,1.25K,3.14%,,944
2020/6/4,26571 ,26637 ,26816 ,25724 ,1.32K,-0.25%,,943
2020/6/5,26298 ,26571 ,26968 ,26240 ,1.20K,-1.03%,,942
2020/6/6,26533 ,26298 ,26722 ,26124 ,0.74K,0.89%,,941
2020/6/7,26830 ,26533 ,26904 ,25748 ,1.08K,1.12%,,940
2020/6/8,26753 ,26830 ,26921 ,26215 ,1.06K,-0.29%,,939
2020/6/9,26277 ,26753 ,27077 ,25866 ,1.41K,-1.78%,,938
2020/6/10,26500 ,26277 ,26803 ,25963 ,3.03K,0.85%,,937
2020/6/11,24740 ,26500 ,26781 ,24105 ,3.72K,-6.64%,,936
2020/6/12,25471 ,24740 ,25634 ,24465 ,2.02K,2.95%,,935
2020/6/13,25602 ,25471 ,25650 ,25120 ,1.16K,0.51%,,934
2020/6/14,24997 ,25602 ,25615 ,24735 ,1.60K,-2.36%,,933
2020/6/15,24853 ,24997 ,25057 ,23469 ,2.90K,-0.57%,,932
2020/6/16,25277 ,24853 ,25343 ,24581 ,1.62K,1.71%,,931
2020/6/17,25065 ,25277 ,25518 ,24510 ,1.07K,-0.84%,,930
2020/6/18,24814 ,25065 ,25073 ,24388 ,0.41K,-1.00%,,929
2020/6/19,24479 ,24814 ,24814 ,24223 ,0.43K,-1.35%,,928
2020/6/20,24498 ,24479 ,24605 ,24128 ,0.40K,0.08%,,927
2020/6/21,24340 ,24498 ,24738 ,24290 ,0.42K,-0.64%,,926
2020/6/22,26051 ,24340 ,26327 ,24340 ,2.09K,7.03%,,925
2020/6/23,25922 ,26051 ,26216 ,25742 ,1.10K,-0.50%,,924
2020/6/24,25113 ,25922 ,26592 ,24727 ,1.37K,-3.12%,,923
2020/6/25,24937 ,25113 ,25237 ,24406 ,1.11K,-0.70%,,922
2020/6/26,24682 ,24937 ,25012 ,24422 ,0.77K,-1.02%,,921
2020/6/27,23731 ,24682 ,24777 ,23209 ,0.65K,-3.85%,,920
2020/6/28,24141 ,23731 ,24426 ,23415 ,0.39K,1.73%,,919
2020/6/29,24528 ,24141 ,24737 ,23773 ,0.47K,1.60%,,918
2020/6/30,24385 ,24528 ,24610 ,24052 ,0.46K,-0.58%,,917
2020/7/1,24803 ,24385 ,24981 ,24285 ,0.54K,1.71%,,916
2020/7/2,24385 ,24803 ,24920 ,24010 ,0.69K,-1.69%,,915
2020/7/3,24183 ,24385 ,24533 ,24138 ,0.24K,-0.83%,,914
2020/7/4,24686 ,24183 ,24814 ,24181 ,0.21K,2.08%,,913
2020/7/5,24554 ,24686 ,24720 ,24070 ,0.52K,-0.53%,,912
2020/7/6,25994 ,24554 ,25994 ,24485 ,1.72K,5.86%,,911
2020/7/7,25703 ,25994 ,25994 ,25485 ,1.67K,-1.12%,,910
2020/7/8,26552 ,25703 ,26666 ,25703 ,1.76K,3.30%,,909
2020/7/9,25993 ,26552 ,26564 ,25727 ,1.28K,-2.11%,,908
2020/7/10,25809 ,25993 ,25993 ,25444 ,0.67K,-0.71%,,907
2020/7/11,25606 ,25809 ,25809 ,25543 ,0.60K,-0.79%,,906
2020/7/12,25990 ,25606 ,25990 ,25404 ,1.02K,1.50%,,905
2020/7/13,25773 ,25990 ,26278 ,25597 ,1.33K,-0.83%,,904
2020/7/14,25819 ,25773 ,25918 ,25594 ,0.81K,0.18%,,903
2020/7/15,25572 ,25819 ,25819 ,25478 ,0.73K,-0.96%,,902
2020/7/16,25103 ,25572 ,25572 ,24848 ,2.64K,-1.83%,,901
2020/7/17,24944 ,25103 ,25120 ,24944 ,0.52K,-0.63%,,900
2020/7/18,25280 ,24944 ,25316 ,24932 ,0.62K,1.35%,,899
2020/7/19,25654 ,25283 ,25654 ,25078 ,0.76K,1.48%,,898
2020/7/20,25356 ,25654 ,25674 ,25208 ,0.86K,-1.16%,,897
2020/7/21,26281 ,25356 ,26315 ,25356 ,1.39K,3.65%,,896
2020/7/22,28398 ,26281 ,28398 ,26066 ,3.16K,8.06%,,895
2020/7/23,29444 ,28398 ,29762 ,28228 ,3.63K,3.68%,,894
2020/7/24,29694 ,29444 ,30333 ,28734 ,3.32K,0.85%,,893
2020/7/25,32468 ,29694 ,32468 ,29694 ,4.32K,9.34%,,892
2020/7/26,32943 ,32468 ,33695 ,32071 ,3.62K,1.46%,,891
2020/7/27,33959 ,32943 ,34685 ,32943 ,4.90K,3.08%,,890
2020/7/28,33352 ,33959 ,34244 ,33099 ,4.22K,-1.79%,,889
2020/7/29,33428 ,33352 ,34039 ,33205 ,4.55K,0.23%,,888
2020/7/30,35126 ,33428 ,35468 ,33344 ,3.45K,5.08%,,887
2020/7/31,36707 ,35126 ,36709 ,34691 ,5.04K,4.50%,,886
2020/8/1,41052 ,36707 ,41052 ,36707 ,3.22K,11.84%,,885
2020/8/2,39336 ,40955 ,41968 ,38386 ,20.34K,-4.18%,,884
2020/8/3,40867 ,39336 ,42202 ,39336 ,4.10K,3.89%,,883
2020/8/4,41144 ,40867 ,42308 ,40658 ,6.07K,0.68%,,882
2020/8/5,42312 ,41144 ,42312 ,40930 ,3.93K,2.84%,,881
2020/8/6,41666 ,42312 ,42312 ,41475 ,3.03K,-1.53%,,880
2020/8/7,40141 ,41666 ,42004 ,39269 ,7.27K,-3.66%,,879
2020/8/8,41810 ,40141 ,41810 ,40083 ,1.26K,4.16%,,878
2020/8/9,41055 ,41810 ,42277 ,40940 ,1.09K,-1.81%,,877
2020/8/10,41954 ,41055 ,42128 ,41055 ,3.51K,2.19%,,876
2020/8/11,40435 ,41954 ,42161 ,39719 ,3.18K,-3.62%,,875
2020/8/12,41571 ,40435 ,41571 ,39620 ,2.75K,2.81%,,874
2020/8/13,45479 ,41571 ,45479 ,40948 ,2.93K,9.40%,,873
2020/8/14,46696 ,45479 ,47081 ,45082 ,1.82K,2.68%,,872
2020/8/15,46198 ,46696 ,46840 ,45704 ,1.82K,-1.07%,,871
2020/8/16,46296 ,46198 ,46296 ,44705 ,0.63K,0.21%,,870
2020/8/17,45727 ,46296 ,47008 ,45137 ,1.57K,-1.23%,,869
2020/8/18,44428 ,45737 ,45737 ,44234 ,1.86K,-2.84%,,868
2020/8/19,43221 ,44428 ,44645 ,42243 ,2.53K,-2.72%,,867
2020/8/20,44040 ,43221 ,44328 ,42822 ,1.54K,1.90%,,866
2020/8/21,40909 ,44040 ,44120 ,40909 ,1.62K,-7.11%,,865
2020/8/22,41876 ,40909 ,41987 ,40620 ,1.18K,2.36%,,864
2020/8/23,41416 ,41876 ,41876 ,40767 ,1.08K,-1.10%,,863
2020/8/24,43300 ,41416 ,43300 ,41180 ,1.68K,4.55%,,862
2020/8/25,40822 ,43300 ,43300 ,39550 ,2.48K,-5.72%,,861
2020/8/26,40988 ,40822 ,41236 ,40345 ,1.55K,0.41%,,860
2020/8/27,40827 ,40988 ,41101 ,40255 ,2.23K,-0.39%,,859
2020/8/28,41618 ,40827 ,41803 ,40827 ,2.06K,1.94%,,858
2020/8/29,42129 ,41618 ,42741 ,41531 ,2.21K,1.23%,,857
2020/8/30,45316 ,42129 ,45316 ,42129 ,2.95K,7.57%,,856
2020/8/31,46059 ,45316 ,46261 ,44776 ,1.45K,1.64%,,855
2020/9/1,50453 ,46059 ,51512 ,45830 ,3.24K,9.54%,,854
2020/9/2,46753 ,50453 ,50453 ,45997 ,3.97K,-7.33%,,853
2020/9/3,40482 ,46753 ,47038 ,39477 ,5.02K,-13.41%,,852
2020/9/4,41050 ,40482 ,42192 ,40347 ,3.80K,1.40%,,851
2020/9/5,35578 ,41055 ,41589 ,34597 ,7.47K,-13.33%,,850
2020/9/6,37550 ,35578 ,37981 ,34280 ,1.49K,5.54%,,849
2020/9/7,37652 ,37550 ,37685 ,34862 ,2.53K,0.27%,,848
2020/9/8,35789 ,37652 ,37652 ,35547 ,2.55K,-4.95%,,847
2020/9/9,37361 ,35789 ,38000 ,35325 ,1.96K,4.39%,,846
2020/9/10,39090 ,37361 ,39611 ,37361 ,2.13K,4.63%,,845
2020/9/11,39759 ,39090 ,39777 ,38105 ,2.31K,1.71%,,844
2020/9/12,41201 ,39759 ,41201 ,39115 ,0.73K,3.63%,,843
2020/9/13,38772 ,41201 ,41309 ,37581 ,1.17K,-5.90%,,842
2020/9/14,39911 ,38772 ,40226 ,38637 ,2.13K,2.94%,,841
2020/9/15,38402 ,39911 ,39946 ,38396 ,1.41K,-3.78%,,840
2020/9/16,38416 ,38402 ,38902 ,37551 ,2.47K,0.04%,,839
2020/9/17,40801 ,38416 ,41001 ,38416 ,2.82K,6.21%,,838
2020/9/18,40255 ,40801 ,41069 ,39634 ,2.04K,-1.34%,,837
2020/9/19,40370 ,40255 ,40401 ,39819 ,1.65K,0.29%,,836
2020/9/20,38776 ,40370 ,40370 ,38421 ,3.13K,-3.95%,,835
2020/9/21,35711 ,38776 ,39186 ,35711 ,2.85K,-7.90%,,834
2020/9/22,36182 ,35711 ,36361 ,35674 ,2.05K,1.32%,,833
2020/9/23,33798 ,36182 ,36182 ,33798 ,3.04K,-6.59%,,832
2020/9/24,36848 ,33798 ,36912 ,33798 ,2.38K,9.02%,,831
2020/9/25,37203 ,36848 ,37718 ,35905 ,1.67K,0.96%,,830
2020/9/26,37434 ,37203 ,37640 ,36859 ,2.63K,0.62%,,829
2020/9/27,37809 ,37434 ,38228 ,37179 ,5.18K,1.00%,,828
2020/9/28,37387 ,37809 ,38585 ,37387 ,1.54K,-1.12%,,827
2020/9/29,38059 ,37387 ,38059 ,37372 ,0.88K,1.80%,,826
2020/9/30,37980 ,38059 ,38059 ,37480 ,0.89K,-0.21%,,825
2020/10/1,37308 ,37980 ,38930 ,37034 ,1.48K,-1.77%,,824
2020/10/2,36454 ,37308 ,37308 ,35678 ,4.55K,-2.29%,,823
2020/10/3,36479 ,36454 ,36937 ,36345 ,1.14K,0.07%,,822
2020/10/4,37244 ,36479 ,37244 ,36479 ,0.66K,2.10%,,821
2020/10/5,37416 ,37244 ,37458 ,37029 ,0.49K,0.46%,,820
2020/10/6,36028 ,37416 ,37494 ,35803 ,1.28K,-3.71%,,819
2020/10/7,36282 ,36028 ,36282 ,35549 ,1.04K,0.71%,,818
2020/10/8,37274 ,36282 ,37281 ,35548 ,1.27K,2.73%,,817
2020/10/9,38789 ,37274 ,38945 ,37023 ,1.06K,4.06%,,816
2020/10/10,39209 ,38789 ,40015 ,38776 ,0.43K,1.08%,,815
2020/10/11,39624 ,39209 ,39748 ,39181 ,0.61K,1.06%,,814
2020/10/12,40835 ,39624 ,41281 ,38760 ,2.49K,3.06%,,813
2020/10/13,40271 ,40835 ,40835 ,39973 ,0.97K,-1.38%,,812
2020/10/14,39896 ,40271 ,40762 ,39363 ,1.11K,-0.93%,,811
2020/10/15,39812 ,39896 ,40008 ,39263 ,1.01K,-0.21%,,810
2020/10/16,38593 ,39812 ,39956 ,38536 ,1.64K,-3.06%,,809
2020/10/17,38871 ,38593 ,38871 ,38593 ,0.65K,0.72%,,808
2020/10/18,39919 ,38871 ,39919 ,38799 ,0.43K,2.70%,,807
2020/10/19,40048 ,39919 ,40309 ,39432 ,0.89K,0.32%,,806
2020/10/20,38901 ,40048 ,40076 ,38826 ,1.91K,-2.86%,,805
2020/10/21,41025 ,38901 ,41610 ,38901 ,2.57K,5.46%,,804
2020/10/22,43478 ,41025 ,43951 ,41025 ,2.61K,5.98%,,803
2020/10/23,42911 ,43478 ,43693 ,42191 ,1.12K,-1.30%,,802
2020/10/24,43219 ,42911 ,43668 ,42743 ,0.66K,0.72%,,801
2020/10/25,42513 ,43219 ,43611 ,42495 ,0.55K,-1.63%,,800
2020/10/26,41261 ,42513 ,42885 ,40574 ,2.27K,-2.94%,,799
2020/10/27,42153 ,41261 ,42583 ,41163 ,2.43K,2.16%,,798
2020/10/28,40527 ,42153 ,42532 ,40090 ,1.79K,-3.86%,,797
2020/10/29,40465 ,40527 ,40935 ,40237 ,1.38K,-0.15%,,796
2020/10/30,40176 ,40465 ,40866 ,39497 ,1.50K,-0.71%,,795
2020/10/31,40340 ,40176 ,40988 ,39933 ,1.13K,0.41%,,794
2020/11/1,41483 ,40446 ,41483 ,40339 ,0.83K,2.83%,,793
2020/11/2,40179 ,41483 ,42198 ,40179 ,2.42K,-3.14%,,792
2020/11/3,40585 ,40179 ,40585 ,39218 ,1.55K,1.01%,,791
2020/11/4,41923 ,40585 ,42179 ,39860 ,4.27K,3.30%,,790
2020/11/5,43138 ,41923 ,43270 ,41537 ,3.38K,2.90%,,789
2020/11/6,47084 ,43138 ,47084 ,43138 ,3.62K,9.15%,,788
2020/11/7,45007 ,47084 ,47933 ,44664 ,3.46K,-4.41%,,787
2020/11/8,47018 ,45007 ,47178 ,45007 ,1.92K,4.47%,,786
2020/11/9,46729 ,47018 ,47519 ,46155 ,4.12K,-0.61%,,785
2020/11/10,47395 ,46729 ,47723 ,46656 ,2.88K,1.42%,,784
2020/11/11,48895 ,47395 ,50080 ,47395 ,4.17K,3.16%,,783
2020/11/12,48522 ,48895 ,48923 ,47911 ,3.66K,-0.76%,,782
2020/11/13,49887 ,48522 ,49887 ,48341 ,4.44K,2.81%,,781
2020/11/14,48302 ,49887 ,49887 ,47907 ,2.00K,-3.18%,,780
2020/11/15,47003 ,48165 ,48420 ,46575 ,1.31K,-2.69%,,779
2020/11/16,48221 ,47003 ,48473 ,46973 ,2.97K,2.59%,,778
2020/11/17,50260 ,48221 ,50268 ,48213 ,3.59K,4.23%,,777
2020/11/18,49762 ,50260 ,51246 ,48219 ,4.99K,-0.99%,,776
2020/11/19,48921 ,49762 ,49762 ,48741 ,2.16K,-1.69%,,775
2020/11/20,52911 ,48921 ,53073 ,48921 ,3.11K,8.16%,,774
2020/11/21,57026 ,52911 ,57026 ,52435 ,3.00K,7.78%,,773
2020/11/22,58086 ,57026 ,59499 ,54869 ,5.45K,1.86%,,772
2020/11/23,63578 ,58086 ,63578 ,57653 ,4.54K,9.45%,,771
2020/11/24,63082 ,64344 ,64382 ,62081 ,4.04K,-0.78%,,770
2020/11/25,59724 ,63082 ,63082 ,59621 ,2.87K,-5.32%,,769
2020/11/26,54239 ,59724 ,59724 ,51983 ,7.89K,-9.18%,,768
2020/11/27,53818 ,54239 ,55216 ,52008 ,1.64K,-0.78%,,767
2020/11/28,55983 ,53818 ,56812 ,53253 ,1.35K,4.02%,,766
2020/11/29,59989 ,55983 ,59989 ,55465 ,1.31K,7.16%,,765
2020/11/30,64225 ,59989 ,64225 ,59989 ,4.12K,7.06%,,764
2020/12/1,61233 ,64225 ,64972 ,61168 ,9.78K,-4.66%,,763
2020/12/2,62562 ,61233 ,62816 ,60871 ,2.34K,2.17%,,762
2020/12/3,64133 ,62562 ,64268 ,61704 ,1.96K,2.51%,,761
2020/12/4,59348 ,64133 ,64133 ,59348 ,4.78K,-7.46%,,760
2020/12/5,62254 ,59348 ,62254 ,59348 ,0.58K,4.90%,,759
2020/12/6,62867 ,62254 ,62885 ,61350 ,0.82K,0.98%,,758
2020/12/7,61538 ,62867 ,62867 ,61082 ,1.02K,-2.11%,,757
2020/12/8,57821 ,61538 ,61921 ,57821 ,1.94K,-6.04%,,756
2020/12/9,59810 ,57821 ,60159 ,56013 ,1.39K,3.44%,,755
2020/12/10,58390 ,59810 ,59810 ,58051 ,1.36K,-2.37%,,754
2020/12/11,56836 ,58390 ,58390 ,56360 ,1.79K,-2.66%,,753
2020/12/12,59150 ,56836 ,59342 ,56836 ,0.54K,4.07%,,752
2020/12/13,61457 ,59150 ,61815 ,58852 ,1.12K,3.90%,,751
2020/12/14,60967 ,61457 ,61457 ,59981 ,1.01K,-0.80%,,750
2020/12/15,61141 ,60967 ,62164 ,60474 ,1.35K,0.29%,,749
2020/12/16,65928 ,61141 ,65928 ,60364 ,3.30K,7.83%,,748
2020/12/17,66258 ,65928 ,69418 ,65921 ,2.67K,0.50%,,747
2020/12/18,67106 ,66258 ,67400 ,65960 ,1.98K,1.28%,,746
2020/12/19,68066 ,67106 ,68517 ,67106 ,0.81K,1.43%,,745
2020/12/20,65871 ,68066 ,68066 ,65637 ,1.04K,-3.22%,,744
2020/12/21,63102 ,65871 ,66626 ,62598 ,3.09K,-4.20%,,743
2020/12/22,65922 ,63102 ,65922 ,61863 ,1.58K,4.47%,,742
2020/12/23,60472 ,65922 ,65978 ,59090 ,3.09K,-8.27%,,741
2020/12/24,63410 ,60472 ,63557 ,59483 ,1.24K,4.86%,,740
2020/12/25,65036 ,63410 ,65392 ,63068 ,2.64K,2.56%,,739
2020/12/26,65632 ,65036 ,67140 ,64318 ,1.05K,0.92%,,738
2020/12/27,70607 ,65632 ,71801 ,65632 ,2.02K,7.58%,,737
2020/12/28,75593 ,70607 ,76994 ,70607 ,1.77K,7.06%,,736
2020/12/29,75604 ,75593 ,75769 ,71571 ,1.53K,0.01%,,735
2020/12/30,77688 ,75604 ,77742 ,74442 ,2.03K,2.76%,,734
2020/12/31,75940 ,77688 ,77688 ,75304 ,1.58K,-2.25%,,733
2021/1/1,75270 ,75940 ,76927 ,74662 ,0.57K,-0.88%,,732
2021/1/2,79998 ,75270 ,81112 ,74110 ,1.68K,6.28%,,731
2021/1/3,100740 ,79998 ,103160 ,79791 ,9.78K,25.93%,,730
2021/1/4,107070 ,100740 ,109753 ,94510 ,12.26K,6.28%,,729
2021/1/5,113120 ,107070 ,114604 ,103690 ,7.62K,5.65%,,728
2021/1/6,124620 ,113120 ,124620 ,110800 ,8.73K,10.17%,,727
2021/1/7,126690 ,124620 ,131580 ,122960 ,6.52K,1.66%,,726
2021/1/8,126230 ,126690 ,132130 ,116820 ,4.38K,-0.36%,,725
2021/1/9,133040 ,126230 ,133930 ,123080 ,2.21K,5.39%,,724
2021/1/10,130900 ,133040 ,140090 ,128400 ,3.10K,-1.61%,,723
2021/1/11,113615 ,130900 ,130975 ,102050 ,12.62K,-13.21%,,722
2021/1/12,108440 ,113130 ,117500 ,107550 ,9.24K,-4.55%,,721
2021/1/13,117236 ,108440 ,117236 ,105650 ,4.58K,8.11%,,720
2021/1/14,127970 ,117236 ,128480 ,114660 ,6.39K,9.16%,,719
2021/1/15,121750 ,127970 ,128890 ,117340 ,5.20K,-4.86%,,718
2021/1/16,127600 ,121750 ,131990 ,119958 ,5.44K,4.80%,,717
2021/1/17,128420 ,127610 ,130370 ,121576 ,5.77K,0.64%,,716
2021/1/18,130810 ,128420 ,130810 ,124431 ,4.05K,1.86%,,715
2021/1/19,142315 ,130810 ,148440 ,130810 ,6.96K,8.80%,,714
2021/1/20,142791 ,142210 ,145670 ,129230 ,5.63K,0.33%,,713
2021/1/21,115290 ,142708 ,142708 ,115290 ,21.03K,-19.26%,,712
2021/1/22,128660 ,114987 ,131512 ,109280 ,12.40K,11.60%,,711
2021/1/23,127930 ,128660 ,131844 ,126460 ,9.53K,-0.57%,,710
2021/1/24,144560 ,127930 ,144560 ,127930 ,11.52K,13.00%,,709
2021/1/25,136640 ,144560 ,149850 ,136640 ,14.42K,-5.48%,,708
2021/1/26,141740 ,136640 ,141740 ,133436 ,19.42K,3.73%,,707
2021/1/27,129443 ,141740 ,141740 ,128710 ,20.97K,-8.68%,,706
2021/1/28,138797 ,129443 ,140990 ,129443 ,13.67K,7.23%,,705
2021/1/29,144486 ,138797 ,149448 ,136710 ,22.04K,4.10%,,704
2021/1/30,144016 ,144486 ,146193 ,139700 ,8.26K,-0.33%,,703
2021/1/31,137620 ,144016 ,144016 ,134560 ,6.90K,-4.44%,,702
2021/2/1,144222 ,137620 ,144222 ,135161 ,8.52K,4.80%,,701
2021/2/2,158970 ,144222 ,161030 ,144222 ,13.75K,10.23%,,700
2021/2/3,174430 ,158970 ,174880 ,158970 ,11.02K,9.73%,,699
2021/2/4,168500 ,174430 ,177040 ,165350 ,11.13K,-3.40%,,698
2021/2/5,181330 ,168500 ,183000 ,168500 ,7.74K,7.61%,,697
2021/2/6,176680 ,181330 ,182655 ,175450 ,6.23K,-2.56%,,696
2021/2/7,170390 ,176680 ,177360 ,163400 ,6.67K,-3.56%,,695
2021/2/8,184470 ,170390 ,184470 ,167140 ,10.30K,8.26%,,694
2021/2/9,185250 ,184470 ,186440 ,181630 ,12.28K,0.42%,,693
2021/2/10,182400 ,185250 ,190500 ,179533 ,10.57K,-1.54%,,692
2021/2/11,187110 ,182400 ,188490 ,179660 ,8.13K,2.58%,,691
2021/2/12,193479 ,187110 ,194862 ,183610 ,7.24K,3.40%,,690
2021/2/13,190230 ,193479 ,195985 ,187560 ,3.56K,-1.68%,,689
2021/2/14,189490 ,190230 ,193180 ,188826 ,4.37K,-0.39%,,688
2021/2/15,187380 ,189490 ,192860 ,178851 ,6.15K,-1.11%,,687
2021/2/16,189240 ,187380 ,191503 ,183251 ,9.60K,0.99%,,686
2021/2/17,195630 ,189240 ,195630 ,184170 ,6.82K,3.38%,,685
2021/2/18,205000 ,195630 ,205200 ,195630 ,4.87K,4.79%,,684
2021/2/19,206680 ,205000 ,207060 ,201414 ,5.85K,0.82%,,683
2021/2/20,201852 ,206680 ,213932 ,199290 ,9.51K,-2.34%,,682
2021/2/21,204260 ,201852 ,207680 ,199170 ,5.12K,1.19%,,681
2021/2/22,186320 ,204260 ,204260 ,166150 ,13.69K,-8.78%,,680
2021/2/23,166260 ,186320 ,186320 ,151120 ,78.93K,-10.77%,,679
2021/2/24,172113 ,166260 ,179998 ,158642 ,52.02K,3.52%,,678
2021/2/25,157317 ,172113 ,175248 ,157317 ,25.12K,-8.60%,,677
2021/2/26,153642 ,157440 ,166088 ,152500 ,20.35K,-2.34%,,676
2021/2/27,155630 ,153642 ,161970 ,153642 ,11.64K,1.29%,,675
2021/2/28,151380 ,155630 ,156220 ,141520 ,16.17K,-2.73%,,674
2021/3/1,167760 ,151600 ,167760 ,151600 ,9.92K,10.82%,,673
2021/3/2,159080 ,167760 ,169640 ,156490 ,8.35K,-5.17%,,672
2021/3/3,168110 ,159080 ,175190 ,159080 ,6.20K,5.68%,,671
2021/3/4,166100 ,168110 ,173405 ,164790 ,9.14K,-1.20%,,670
2021/3/5,166098 ,166100 ,167900 ,158140 ,9.49K,0.00%,,669
2021/3/6,178782 ,166098 ,180040 ,165790 ,11.88K,7.64%,,668
2021/3/7,187480 ,178782 ,187480 ,177850 ,4.13K,4.87%,,667
2021/3/8,199645 ,187480 ,199970 ,181780 ,5.88K,6.49%,,666
2021/3/9,202867 ,199645 ,202867 ,197750 ,5.08K,1.61%,,665
2021/3/10,194993 ,203370 ,203370 ,194660 ,8.26K,-3.88%,,664
2021/3/11,198500 ,194993 ,200052 ,189880 ,6.21K,1.80%,,663
2021/3/12,193000 ,198500 ,198500 ,190631 ,6.19K,-2.77%,,662
2021/3/13,209320 ,193000 ,210850 ,190860 ,7.22K,8.46%,,661
2021/3/14,201608 ,209320 ,210510 ,201608 ,3.81K,-3.68%,,660
2021/3/15,195990 ,201608 ,205340 ,192760 ,10.35K,-2.79%,,659
2021/3/16,196850 ,195990 ,197030 ,190740 ,9.36K,0.44%,,658
2021/3/17,198312 ,196850 ,198480 ,191090 ,10.08K,0.74%,,657
2021/3/18,193710 ,198312 ,200098 ,193100 ,4.85K,-2.32%,,656
2021/3/19,197142 ,193710 ,199590 ,192640 ,3.05K,1.77%,,655
2021/3/20,196250 ,197142 ,202087 ,196250 ,2.67K,-0.45%,,654
2021/3/21,194270 ,196250 ,196770 ,192785 ,5.76K,-1.01%,,653
2021/3/22,182983 ,194270 ,195760 ,182790 ,5.03K,-5.81%,,652
2021/3/23,181782 ,182983 ,186474 ,181039 ,2.79K,-0.66%,,651
2021/3/24,172479 ,181782 ,188524 ,172438 ,7.05K,-5.12%,,650
2021/3/25,173595 ,172479 ,176110 ,170573 ,5.43K,0.65%,,649
2021/3/26,186190 ,173595 ,186190 ,173595 ,4.73K,7.26%,,648
2021/3/27,187650 ,186190 ,188920 ,184300 ,2.42K,0.78%,,647
2021/3/28,185320 ,187650 ,188900 ,183440 ,1.78K,-1.24%,,646
2021/3/29,199770 ,185320 ,200120 ,184661 ,4.82K,7.80%,,645
2021/3/30,203570 ,199770 ,203890 ,197480 ,2.33K,1.90%,,644
2021/3/31,212310 ,203570 ,213060 ,198632 ,3.92K,4.29%,,643
2021/4/1,217784 ,212310 ,217990 ,211965 ,3.94K,2.58%,,642
2021/4/2,236334 ,217784 ,236467 ,217210 ,3.35K,8.52%,,641
2021/4/3,222407 ,236334 ,236334 ,222407 ,3.33K,-5.89%,,640
2021/4/4,230030 ,222407 ,230750 ,222407 ,2.02K,3.43%,,639
2021/4/5,231920 ,230030 ,233450 ,222959 ,4.51K,0.82%,,638
2021/4/6,231880 ,231920 ,234960 ,225970 ,3.61K,-0.02%,,637
2021/4/7,215330 ,231880 ,231880 ,215311 ,4.75K,-7.14%,,636
2021/4/8,227471 ,215330 ,227471 ,215330 ,2.95K,5.64%,,635
2021/4/9,226790 ,227471 ,230470 ,225140 ,3.77K,-0.30%,,634
2021/4/10,234295 ,226790 ,240182 ,226496 ,3.52K,3.31%,,633
2021/4/11,236120 ,234295 ,236120 ,233100 ,2.03K,0.78%,,632
2021/4/12,233848 ,236120 ,239110 ,232695 ,2.98K,-0.96%,,631
2021/4/13,250400 ,233848 ,251380 ,233848 ,5.04K,7.08%,,630
2021/4/14,264540 ,250400 ,265202 ,249150 ,4.41K,5.65%,,629
2021/4/15,273490 ,264555 ,275080 ,261190 ,3.58K,3.38%,,628
2021/4/16,263500 ,273490 ,275770 ,254420 ,6.13K,-3.65%,,627
2021/4/17,251650 ,263500 ,270500 ,251650 ,3.02K,-4.50%,,626
2021/4/18,243220 ,251650 ,253410 ,226950 ,10.36K,-3.35%,,625
2021/4/19,234168 ,243230 ,246100 ,228543 ,8.69K,-3.72%,,624
2021/4/20,251970 ,234168 ,252610 ,226355 ,10.37K,7.60%,,623
2021/4/21,254880 ,251900 ,265338 ,242340 ,8.51K,1.15%,,622
2021/4/22,259770 ,254880 ,282870 ,254880 ,11.96K,1.92%,,621
2021/4/23,255125 ,259770 ,259770 ,230110 ,16.12K,-1.79%,,620
2021/4/24,239528 ,255125 ,255125 ,238920 ,8.08K,-6.11%,,619
2021/4/25,250360 ,239528 ,253598 ,237003 ,8.51K,4.52%,,618
2021/4/26,274510 ,250670 ,274510 ,250670 ,6.46K,9.65%,,617
2021/4/27,289910 ,274510 ,289910 ,270830 ,5.38K,5.61%,,616
2021/4/28,298156 ,289910 ,298300 ,281837 ,6.96K,2.84%,,615
2021/4/29,300100 ,298156 ,302290 ,292250 ,5.36K,0.65%,,614
2021/4/30,301950 ,300100 ,303666 ,298380 ,3.66K,0.62%,,613
2021/5/1,321693 ,301950 ,321693 ,301950 ,1.96K,6.54%,,612
2021/5/2,322650 ,321693 ,324350 ,312949 ,2.63K,0.30%,,611
2021/5/3,374010 ,322650 ,375880 ,322650 ,5.77K,15.92%,,610
2021/5/4,354160 ,374010 ,379840 ,352590 ,8.66K,-5.31%,,609
2021/5/5,385050 ,350865 ,385050 ,350865 ,6.48K,8.72%,,608
2021/5/6,380723 ,385050 ,391860 ,374650 ,6.22K,-1.12%,,607
2021/5/7,378270 ,380723 ,385260 ,370650 ,4.57K,-0.64%,,606
2021/5/8,424650 ,378270 ,424650 ,377590 ,4.61K,12.26%,,605
2021/5/9,425990 ,424650 ,429900 ,412730 ,4.65K,0.32%,,604
2021/5/10,430309 ,425990 ,455740 ,425200 ,7.99K,1.01%,,603
2021/5/11,453370 ,430309 ,453370 ,413470 ,6.42K,5.36%,,602
2021/5/12,420335 ,453370 ,476510 ,420335 ,9.22K,-7.29%,,601
2021/5/13,407650 ,420335 ,439196 ,401050 ,14.35K,-3.02%,,600
2021/5/14,446665 ,407650 ,453140 ,407650 ,4.52K,9.57%,,599
2021/5/15,398620 ,446665 ,448860 ,398620 ,5.04K,-10.76%,,598
2021/5/16,393137 ,398620 ,423110 ,377300 ,13.37K,-1.38%,,597
2021/5/17,358420 ,393137 ,393137 ,342430 ,20.55K,-8.83%,,596
2021/5/18,367690 ,358420 ,386176 ,358420 ,8.22K,2.59%,,595
2021/5/19,266810 ,367690 ,367690 ,253468 ,35.88K,-27.44%,,594
2021/5/20,301600 ,266810 ,317470 ,238680 ,32.25K,13.04%,,593
2021/5/21,265710 ,301600 ,315044 ,240028 ,25.41K,-11.90%,,592
2021/5/22,250730 ,265710 ,269490 ,243310 ,24.43K,-5.64%,,591
2021/5/23,228590 ,250730 ,257980 ,207880 ,32.18K,-8.83%,,590
2021/5/24,287600 ,228590 ,287600 ,228590 ,24.41K,25.81%,,589
2021/5/25,293690 ,287600 ,298560 ,263230 ,13.01K,2.12%,,588
2021/5/26,315233 ,293690 ,315233 ,288913 ,8.70K,7.34%,,587
2021/5/27,300320 ,315233 ,315233 ,291400 ,4.91K,-4.73%,,586
2021/5/28,264900 ,300420 ,300420 ,259660 ,6.69K,-11.79%,,585
2021/5/29,249668 ,264900 ,280010 ,246190 ,5.53K,-5.75%,,584
2021/5/30,262081 ,249668 ,269110 ,241920 ,8.69K,4.97%,,583
2021/5/31,296520 ,262081 ,296520 ,252240 ,5.29K,13.14%,,582
2021/6/1,288110 ,296520 ,296520 ,277970 ,2.96K,-2.84%,,581
2021/6/2,296650 ,288110 ,304620 ,282040 ,2.49K,2.96%,,580
2021/6/3,314450 ,296650 ,314450 ,294760 ,2.84K,6.00%,,579
2021/6/4,294240 ,314450 ,314450 ,287816 ,4.18K,-6.43%,,578
2021/6/5,288000 ,294240 ,305900 ,283460 ,4.01K,-2.12%,,577
2021/6/6,297390 ,288000 ,298370 ,287650 ,2.59K,3.26%,,576
2021/6/7,283370 ,297390 ,309550 ,283370 ,4.13K,-4.71%,,575
2021/6/8,274630 ,283370 ,284210 ,258710 ,9.41K,-3.08%,,574
2021/6/9,285874 ,274630 ,285874 ,266930 ,7.55K,4.09%,,573
2021/6/10,270220 ,285874 ,285874 ,268550 ,4.66K,-5.48%,,572
2021/6/11,257940 ,270220 ,270770 ,255420 ,3.03K,-4.54%,,571
2021/6/12,259620 ,257940 ,267310 ,248270 ,2.43K,0.65%,,570
2021/6/13,275260 ,259620 ,277410 ,254030 ,2.48K,6.02%,,569
2021/6/14,283840 ,275260 ,283840 ,271880 ,1.97K,3.12%,,568
2021/6/15,279910 ,283840 ,287930 ,277240 ,1.61K,-1.38%,,567
2021/6/16,262140 ,279910 ,279910 ,262140 ,2.11K,-6.35%,,566
2021/6/17,261640 ,262140 ,270150 ,256870 ,2.07K,-0.19%,,565
2021/6/18,245900 ,261640 ,261640 ,238170 ,3.49K,-6.02%,,564
2021/6/19,239280 ,245900 ,248850 ,239280 ,3.36K,-2.69%,,563
2021/6/20,247570 ,239280 ,249380 ,228310 ,5.50K,3.46%,,562
2021/6/21,209230 ,247570 ,247570 ,207990 ,15.16K,-15.49%,,561
2021/6/22,208014 ,209230 ,220620 ,195913 ,15.72K,-0.58%,,560
2021/6/23,218700 ,208014 ,224567 ,208014 ,8.72K,5.14%,,559
2021/6/24,220800 ,218700 ,224770 ,210320 ,3.26K,0.96%,,558
2021/6/25,200520 ,220800 ,221890 ,200520 ,4.55K,-9.18%,,557
2021/6/26,203030 ,200520 ,203030 ,191340 ,7.65K,1.25%,,556
2021/6/27,219850 ,203030 ,219850 ,201350 ,6.54K,8.28%,,555
2021/6/28,230260 ,219850 ,235300 ,218010 ,5.28K,4.74%,,554
2021/6/29,239090 ,230260 ,246150 ,230260 ,3.93K,3.83%,,553
2021/6/30,252640 ,239090 ,252640 ,233320 ,2.04K,5.67%,,552
2021/7/1,235190 ,252640 ,252640 ,232300 ,2.43K,-6.91%,,551
2021/7/2,239350 ,235190 ,239350 ,226260 ,2.91K,1.77%,,550
2021/7/3,247180 ,239350 ,247640 ,237070 ,1.82K,3.27%,,549
2021/7/4,258140 ,258340 ,263520 ,257180 ,1.70K,4.43%,,548
2021/7/5,243540 ,258140 ,258140 ,243540 ,3.12K,-5.66%,,547
2021/7/6,255390 ,243500 ,259580 ,243500 ,3.88K,4.87%,,546
2021/7/7,255550 ,257010 ,265150 ,255240 ,2.29K,0.06%,,545
2021/7/8,232440 ,255550 ,257280 ,229810 ,5.09K,-9.04%,,544
2021/7/9,235890 ,232440 ,240520 ,226910 ,4.55K,1.48%,,543
2021/7/10,232256 ,235890 ,240970 ,228550 ,2.62K,-1.54%,,542
2021/7/11,235880 ,232256 ,239400 ,229180 ,0.62K,1.56%,,541
2021/7/12,224140 ,235880 ,238663 ,221260 ,1.61K,-4.98%,,540
2021/7/13,214840 ,224140 ,225570 ,212230 ,2.57K,-4.15%,,539
2021/7/14,218990 ,214840 ,222410 ,206300 ,2.32K,1.93%,,538
2021/7/15,210750 ,218990 ,224330 ,207170 ,2.93K,-3.76%,,537
2021/7/16,206920 ,210630 ,216210 ,203873 ,2.30K,-1.82%,,536
2021/7/17,209180 ,206920 ,211150 ,203760 ,2.79K,1.09%,,535
2021/7/18,208020 ,209180 ,219170 ,206880 ,2.50K,-0.55%,,534
2021/7/19,199210 ,208020 ,210630 ,197425 ,2.96K,-4.24%,,533
2021/7/20,196626 ,199210 ,201680 ,188460 ,3.73K,-1.30%,,532
2021/7/21,219390 ,196626 ,224170 ,193487 ,3.31K,11.58%,,531
2021/7/22,223117 ,219390 ,225370 ,215160 ,2.62K,1.70%,,530
2021/7/23,234710 ,223117 ,235420 ,221090 ,2.12K,5.20%,,529
2021/7/24,238150 ,234710 ,239340 ,232950 ,1.79K,1.47%,,528
2021/7/25,242320 ,237790 ,242820 ,233230 ,1.17K,1.75%,,527
2021/7/26,246240 ,242320 ,268170 ,240620 ,4.62K,1.62%,,526
2021/7/27,252494 ,246240 ,254950 ,237300 ,4.15K,2.54%,,525
2021/7/28,252720 ,252494 ,257880 ,246664 ,2.61K,0.09%,,524
2021/7/29,260660 ,252720 ,262790 ,248750 ,1.43K,3.14%,,523
2021/7/30,270310 ,260660 ,270830 ,254030 ,2.60K,3.70%,,522
2021/7/31,277130 ,270310 ,279780 ,265822 ,1.19K,2.52%,,521
2021/8/1,280850 ,277130 ,295790 ,275670 ,3.15K,1.34%,,520
2021/8/2,285220 ,280850 ,290940 ,275360 ,3.14K,1.56%,,519
2021/8/3,273370 ,285220 ,287080 ,267210 ,2.84K,-4.15%,,518
2021/8/4,298776 ,273370 ,303640 ,268300 ,2.65K,9.29%,,517
2021/8/5,310590 ,298776 ,311760 ,277590 ,4.47K,3.95%,,516
2021/8/6,318854 ,310590 ,324730 ,299130 ,2.62K,2.66%,,515
2021/8/7,347950 ,318854 ,349590 ,316080 ,3.64K,9.13%,,514
2021/8/8,332090 ,347950 ,351130 ,325260 ,3.11K,-4.56%,,513
2021/8/9,349090 ,332090 ,351450 ,318560 ,3.38K,5.12%,,512
2021/8/10,347163 ,349090 ,357170 ,337900 ,2.47K,-0.55%,,511
2021/8/11,349590 ,347163 ,361132 ,346250 ,1.68K,0.70%,,510
2021/8/12,336460 ,349590 ,357260 ,329190 ,1.66K,-3.76%,,509
2021/8/13,364388 ,336460 ,364870 ,335560 ,1.50K,8.30%,,508
2021/8/14,358110 ,364388 ,364830 ,351449 ,1.02K,-1.72%,,507
2021/8/15,362770 ,358110 ,363950 ,341210 ,1.95K,1.30%,,506
2021/8/16,344070 ,362770 ,365640 ,342840 ,2.01K,-5.15%,,505
2021/8/17,330670 ,344070 ,359500 ,328445 ,2.61K,-3.89%,,504
2021/8/18,331480 ,330670 ,343623 ,323603 ,1.86K,0.24%,,503
2021/8/19,349150 ,331480 ,349940 ,324910 ,2.29K,5.33%,,502
2021/8/20,360950 ,349150 ,362840 ,349140 ,1.84K,3.38%,,501
2021/8/21,354290 ,360950 ,363380 ,352330 ,0.95K,-1.85%,,500
2021/8/22,356270 ,354290 ,359447 ,343919 ,1.15K,0.56%,,499
2021/8/23,363900 ,356270 ,371230 ,355520 ,2.44K,2.14%,,498
2021/8/24,348052 ,363900 ,368560 ,345420 ,2.32K,-4.35%,,497
2021/8/25,355060 ,348052 ,357320 ,338340 ,2.31K,2.01%,,496
2021/8/26,340527 ,355060 ,357660 ,336498 ,2.57K,-4.09%,,495
2021/8/27,359685 ,340527 ,360454 ,337156 ,2.16K,5.63%,,494
2021/8/28,356230 ,359685 ,360827 ,352903 ,0.66K,-0.96%,,493
2021/8/29,355409 ,356230 ,360739 ,346510 ,1.28K,-0.23%,,492
2021/8/30,354716 ,355409 ,368075 ,345350 ,2.27K,-0.19%,,491
2021/8/31,377760 ,354716 ,380696 ,350820 ,4.26K,6.50%,,490
2021/9/1,422330 ,377760 ,422440 ,372900 ,3.97K,11.80%,,489
2021/9/2,416523 ,422330 ,422330 ,409820 ,2.39K,-1.37%,,488
2021/9/3,431770 ,416523 ,441430 ,407910 ,3.96K,3.66%,,487
2021/9/4,426120 ,431770 ,435370 ,420843 ,0.61K,-1.31%,,486
2021/9/5,433593 ,426120 ,436890 ,420645 ,0.71K,1.75%,,485
2021/9/6,431680 ,433593 ,436320 ,427210 ,1.29K,-0.44%,,484
2021/9/7,377760 ,431680 ,433270 ,335522 ,8.01K,-12.49%,,483
2021/9/8,385366 ,377760 ,392276 ,355019 ,7.96K,2.01%,,482
2021/9/9,375980 ,385366 ,391910 ,373600 ,4.96K,-2.44%,,481
2021/9/10,352800 ,375980 ,385500 ,346300 ,5.31K,-6.17%,,480
2021/9/11,359110 ,352800 ,367820 ,351950 ,4.42K,1.79%,,479
2021/9/12,374630 ,359110 ,381276 ,355660 ,3.89K,4.32%,,478
2021/9/13,362200 ,374630 ,377035 ,342430 ,7.24K,-3.32%,,477
2021/9/14,375459 ,362200 ,376570 ,359879 ,2.91K,3.66%,,476
2021/9/15,394951 ,375459 ,394951 ,368360 ,2.63K,5.19%,,475
2021/9/16,391973 ,394951 ,401490 ,382810 ,3.21K,-0.75%,,474
2021/9/17,373561 ,391973 ,394992 ,368548 ,1.93K,-4.70%,,473
2021/9/18,378090 ,373561 ,389330 ,370650 ,1.95K,1.21%,,472
2021/9/19,365941 ,378090 ,379830 ,360770 ,2.47K,-3.21%,,471
2021/9/20,325562 ,365941 ,367740 ,320090 ,8.04K,-11.03%,,470
2021/9/21,301270 ,325562 ,340000 ,290390 ,11.62K,-7.46%,,469
2021/9/22,337830 ,301270 ,338620 ,299460 ,7.90K,12.14%,,468
2021/9/23,347995 ,337830 ,349740 ,333430 ,3.26K,3.01%,,467
2021/9/24,324760 ,347995 ,348720 ,302613 ,12.51K,-6.68%,,466
2021/9/25,323842 ,324760 ,328700 ,311150 ,6.66K,-0.28%,,465
2021/9/26,339220 ,323842 ,345030 ,303900 ,8.40K,4.75%,,464
2021/9/27,324650 ,339520 ,350270 ,324650 ,4.17K,-4.30%,,463
2021/9/28,313210 ,324650 ,330005 ,311389 ,5.63K,-3.52%,,462
2021/9/29,319488 ,313210 ,328607 ,311815 ,3.81K,2.00%,,461
2021/9/30,334932 ,319488 ,341160 ,317789 ,3.08K,4.83%,,460
2021/10/1,367570 ,334932 ,369800 ,331163 ,3.45K,9.74%,,459
2021/10/2,376705 ,367570 ,385136 ,362390 ,1.70K,2.49%,,458
2021/10/3,379300 ,376705 ,387180 ,371820 ,1.82K,0.69%,,457
2021/10/4,375694 ,379300 ,381430 ,362970 ,2.45K,-0.95%,,456
2021/10/5,392400 ,375694 ,394980 ,373530 ,1.83K,4.45%,,455
2021/10/6,398552 ,392400 ,404270 ,373660 ,2.50K,1.57%,,454
2021/10/7,401102 ,398552 ,407900 ,386890 ,2.11K,0.64%,,453
2021/10/8,399950 ,401102 ,410920 ,396730 ,2.36K,-0.29%,,452
2021/10/9,401009 ,399950 ,408090 ,397990 ,0.68K,0.26%,,451
2021/10/10,383860 ,401009 ,403910 ,382830 ,1.42K,-4.28%,,450
2021/10/11,401787 ,383860 ,408550 ,379220 ,2.06K,4.67%,,449
2021/10/12,395980 ,401787 ,402811 ,386846 ,2.15K,-1.45%,,448
2021/10/13,408597 ,395980 ,408597 ,388023 ,0.61K,3.19%,,447
2021/10/14,431161 ,408597 ,434147 ,407270 ,1.51K,5.52%,,446
2021/10/15,442019 ,431161 ,445643 ,425371 ,2.47K,2.52%,,445
2021/10/16,437666 ,442019 ,453950 ,434890 ,1.98K,-0.98%,,444
2021/10/17,439386 ,437666 ,447857 ,417569 ,2.45K,0.39%,,443
2021/10/18,428251 ,439501 ,444210 ,420330 ,2.24K,-2.53%,,442
2021/10/19,443960 ,428251 ,445170 ,426785 ,1.70K,3.67%,,441
2021/10/20,475769 ,444080 ,476500 ,438727 ,2.07K,7.16%,,440
2021/10/21,461640 ,475769 ,498436 ,457810 ,3.96K,-2.97%,,439
2021/10/22,450737 ,461640 ,475002 ,443145 ,2.64K,-2.36%,,438
2021/10/23,473590 ,450737 ,473660 ,447833 ,1.97K,5.07%,,437
2021/10/24,464340 ,473590 ,475050 ,450270 ,2.05K,-1.95%,,436
2021/10/25,480150 ,464340 ,481394 ,461830 ,1.94K,3.40%,,435
2021/10/26,471550 ,480150 ,490110 ,467100 ,1.81K,-1.79%,,434
2021/10/27,447006 ,471550 ,490094 ,445260 ,1.62K,-5.20%,,433
2021/10/28,486833 ,447006 ,487363 ,443550 ,2.60K,8.91%,,432
2021/10/29,502960 ,486833 ,508330 ,485160 ,2.91K,3.31%,,431
2021/10/30,492680 ,502960 ,504760 ,482920 ,1.34K,-2.04%,,430
2021/10/31,489732 ,492680 ,501030 ,475562 ,1.64K,-0.60%,,429
2021/11/1,493590 ,489732 ,500334 ,474780 ,2.02K,0.79%,,428
2021/11/2,523050 ,493590 ,524169 ,488980 ,2.41K,5.97%,,427
2021/11/3,524720 ,523050 ,531237 ,508490 ,1.61K,0.32%,,426
2021/11/4,516405 ,524720 ,525050 ,502880 ,1.05K,-1.58%,,425
2021/11/5,508310 ,516405 ,519349 ,504160 ,1.13K,-1.57%,,424
2021/11/6,511910 ,508310 ,513756 ,491240 ,0.38K,0.71%,,423
2021/11/7,523840 ,511910 ,525340 ,511160 ,1.20K,2.33%,,422
2021/11/8,544570 ,523840 ,545881 ,523720 ,2.11K,3.96%,,421
2021/11/9,534370 ,544570 ,545490 ,532270 ,1.54K,-1.87%,,420
2021/11/10,527690 ,534370 ,553850 ,511250 ,2.60K,-1.25%,,419
2021/11/11,538470 ,527690 ,544740 ,521640 ,0.64K,2.04%,,418
2021/11/12,532940 ,538470 ,548810 ,513800 ,1.21K,-1.03%,,417
2021/11/13,529530 ,532940 ,535790 ,522800 ,0.52K,-0.64%,,416
2021/11/14,527250 ,529530 ,534490 ,514460 ,0.64K,-0.43%,,415
2021/11/15,520060 ,527250 ,542774 ,518310 ,0.71K,-1.36%,,414
2021/11/16,485090 ,520060 ,520530 ,470971 ,2.14K,-6.72%,,413
2021/11/17,489980 ,485090 ,490830 ,467622 ,1.81K,1.01%,,412
2021/11/18,457744 ,489980 ,495110 ,452129 ,3.08K,-6.58%,,411
2021/11/19,490320 ,457830 ,491420 ,454800 ,2.36K,7.12%,,410
2021/11/20,503446 ,490320 ,505940 ,479830 ,0.86K,2.68%,,409
2021/11/21,488360 ,503446 ,504560 ,485660 ,0.66K,-3.00%,,408
2021/11/22,469590 ,488360 ,492590 ,462590 ,1.72K,-3.84%,,407
2021/11/23,499790 ,469590 ,504840 ,466230 ,1.83K,6.43%,,406
2021/11/24,493490 ,499790 ,503589 ,481200 ,1.56K,-1.26%,,405
2021/11/25,520394 ,493490 ,525400 ,491640 ,0.97K,5.45%,,404
2021/11/26,457400 ,520394 ,524030 ,446610 ,3.54K,-12.11%,,403
2021/11/27,462570 ,457400 ,474421 ,457150 ,0.19K,1.13%,,402
2021/11/28,488850 ,462570 ,489050 ,450800 ,0.96K,5.68%,,401
2021/11/29,506017 ,488850 ,507310 ,486357 ,1.86K,3.51%,,400
2021/11/30,523900 ,506017 ,533763 ,492540 ,2.78K,3.53%,,399
2021/12/1,517670 ,523900 ,542155 ,510810 ,1.95K,-1.19%,,398
2021/12/2,510440 ,517670 ,523330 ,501860 ,1.81K,-1.40%,,397
2021/12/3,476180 ,510440 ,527322 ,457399 ,2.44K,-6.71%,,396
2021/12/4,465990 ,476180 ,477300 ,389220 ,3.40K,-2.14%,,395
2021/12/5,474467 ,465990 ,479900 ,455970 ,2.58K,1.82%,,394
2021/12/6,494760 ,474467 ,496340 ,444950 ,2.76K,4.28%,,393
2021/12/7,489630 ,494760 ,502940 ,484190 ,1.25K,-1.04%,,392
2021/12/8,505120 ,489630 ,507230 ,481510 ,1.48K,3.16%,,391
2021/12/9,466640 ,505120 ,510628 ,463010 ,2.74K,-7.62%,,390
2021/12/10,442580 ,466640 ,480440 ,441442 ,2.85K,-5.16%,,389
2021/12/11,462312 ,442580 ,464800 ,435444 ,1.91K,4.46%,,388
2021/12/12,469010 ,462312 ,473370 ,452490 ,1.37K,1.45%,,387
2021/12/13,430210 ,469010 ,470100 ,417280 ,4.85K,-8.27%,,386
2021/12/14,439530 ,430210 ,441490 ,419225 ,2.81K,2.17%,,385
2021/12/15,458990 ,439530 ,466900 ,415650 ,3.87K,4.43%,,384
2021/12/16,450280 ,458990 ,467950 ,449710 ,2.58K,-1.90%,,383
2021/12/17,440960 ,450280 ,454570 ,420090 ,2.82K,-2.07%,,382
2021/12/18,450425 ,440960 ,454410 ,428840 ,1.83K,2.15%,,381
2021/12/19,446010 ,450425 ,458250 ,442210 ,1.87K,-0.98%,,380
2021/12/20,447920 ,446010 ,452540 ,427110 ,2.25K,0.43%,,379
2021/12/21,458410 ,447920 ,461980 ,444910 ,2.20K,2.34%,,378
2021/12/22,454309 ,458410 ,464970 ,450270 ,1.76K,-0.89%,,377
2021/12/23,470440 ,454309 ,475250 ,445380 ,2.72K,3.55%,,376
2021/12/24,462590 ,470440 ,472596 ,460620 ,1.25K,-1.67%,,375
2021/12/25,468890 ,462590 ,473551 ,460380 ,1.72K,1.36%,,374
2021/12/26,464600 ,468890 ,469770 ,458590 ,1.52K,-0.91%,,373
2021/12/27,463790 ,464600 ,474088 ,462600 ,0.96K,-0.17%,,372
2021/12/28,435720 ,463790 ,463790 ,432125 ,1.82K,-6.05%,,371
2021/12/29,417020 ,435720 ,439940 ,414535 ,2.05K,-4.29%,,370
2021/12/30,427160 ,417020 ,433780 ,412707 ,1.60K,2.43%,,369
2021/12/31,423430 ,427160 ,439432 ,417079 ,1.70K,-0.87%,,368
2022/1/1,433612 ,423430 ,434790 ,423410 ,0.69K,2.40%,,367
2022/1/2,441261 ,433612 ,443304 ,428065 ,0.86K,1.76%,,366
2022/1/3,434335 ,441261 ,443870 ,424691 ,1.38K,-1.57%,,365
2022/1/4,440200 ,434335 ,452400 ,428910 ,1.87K,1.35%,,364
2022/1/5,411150 ,440200 ,445504 ,396333 ,2.40K,-6.60%,,363
2022/1/6,395376 ,411150 ,412100 ,382050 ,2.82K,-3.84%,,362
2022/1/7,369560 ,395376 ,395390 ,356059 ,4.21K,-6.53%,,361
2022/1/8,356040 ,369560 ,375337 ,346790 ,2.82K,-3.66%,,360
2022/1/9,364372 ,356040 ,371290 ,353770 ,3.39K,2.34%,,359
2022/1/10,355960 ,364372 ,368440 ,337980 ,3.12K,-2.31%,,358
2022/1/11,373465 ,355960 ,376617 ,352171 ,1.52K,4.92%,,357
2022/1/12,386710 ,373465 ,390318 ,369973 ,2.11K,3.55%,,356
2022/1/13,369451 ,386710 ,389690 ,368950 ,1.60K,-4.46%,,355
2022/1/14,377845 ,369451 ,381630 ,363610 ,2.73K,2.27%,,354
2022/1/15,380277 ,377845 ,385181 ,373310 ,1.31K,0.64%,,353
2022/1/16,382880 ,380277 ,387140 ,373920 ,0.94K,0.68%,,352
2022/1/17,368050 ,382880 ,383652 ,360390 ,1.19K,-3.87%,,351
2022/1/18,362420 ,368050 ,371410 ,353850 ,1.25K,-1.53%,,350
2022/1/19,353210 ,362420 ,364500 ,348838 ,2.02K,-2.54%,,349
2022/1/20,342450 ,353210 ,373263 ,340600 ,1.25K,-3.05%,,348
2022/1/21,292610 ,342450 ,345748 ,280630 ,6.21K,-14.55%,,347
2022/1/22,274440 ,292610 ,298175 ,261880 ,4.99K,-6.21%,,346
2022/1/23,289339 ,274440 ,289880 ,270247 ,2.12K,5.43%,,345
2022/1/24,278581 ,289339 ,289339 ,245690 ,5.26K,-3.72%,,344
2022/1/25,280160 ,278581 ,285520 ,268020 ,1.18K,0.57%,,343
2022/1/26,282532 ,280160 ,311541 ,275300 ,2.11K,0.85%,,342
2022/1/27,279720 ,282532 ,290878 ,267100 ,2.69K,-1.00%,,341
2022/1/28,293470 ,279720 ,294360 ,273098 ,2.04K,4.92%,,340
2022/1/29,300040 ,293470 ,303800 ,290610 ,0.84K,2.24%,,339
2022/1/30,300751 ,300040 ,304290 ,293340 ,1.61K,0.24%,,338
2022/1/31,309548 ,300360 ,311308 ,286731 ,3.67K,2.93%,,337
2022/2/1,320120 ,309548 ,322803 ,308470 ,1.84K,3.42%,,336
2022/2/2,306265 ,320120 ,321640 ,299580 ,2.12K,-4.33%,,335
2022/2/3,310130 ,306265 ,312080 ,296210 ,3.99K,1.26%,,334
2022/2/4,345080 ,310130 ,345080 ,307050 ,4.88K,11.27%,,333
2022/2/5,347860 ,345080 ,352780 ,341080 ,2.83K,0.81%,,332
2022/2/6,352482 ,347860 ,354570 ,340824 ,1.18K,1.33%,,331
2022/2/7,361500 ,352482 ,366740 ,345660 ,2.41K,2.56%,,330
2022/2/8,360220 ,361500 ,373440 ,350381 ,4.48K,-0.35%,,329
2022/2/9,375499 ,360220 ,378202 ,353258 ,3.04K,4.24%,,328
2022/2/10,356960 ,375499 ,380338 ,355380 ,4.32K,-4.94%,,327
2022/2/11,338595 ,356960 ,364099 ,333100 ,4.33K,-5.14%,,326
2022/2/12,338280 ,338595 ,346070 ,331660 ,0.99K,-0.09%,,325
2022/2/13,331840 ,338280 ,342080 ,329050 ,0.76K,-1.90%,,324
2022/2/14,338900 ,331840 ,342910 ,327450 ,2.20K,2.13%,,323
2022/2/15,368164 ,338900 ,369560 ,336360 ,1.77K,8.63%,,322
2022/2/16,360330 ,368164 ,368370 ,351890 ,1.64K,-2.13%,,321
2022/2/17,332440 ,360330 ,364888 ,328420 ,3.09K,-7.74%,,320
2022/2/18,320409 ,332440 ,339400 ,317110 ,2.31K,-3.62%,,319
2022/2/19,318050 ,320409 ,325650 ,310660 ,1.30K,-0.74%,,318
2022/2/20,301450 ,318050 ,318050 ,296600 ,1.43K,-5.22%,,317
2022/2/21,294530 ,301450 ,317440 ,293590 ,4.96K,-2.30%,,316
2022/2/22,303900 ,294530 ,307250 ,287430 ,3.67K,3.18%,,315
2022/2/23,296620 ,303900 ,317160 ,296620 ,2.61K,-2.40%,,314
2022/2/24,300560 ,296620 ,315440 ,264620 ,6.45K,1.33%,,313
2022/2/25,320040 ,300560 ,328010 ,297140 ,3.15K,6.48%,,312
2022/2/26,321910 ,320040 ,332090 ,316230 ,1.72K,0.58%,,311
2022/2/27,302659 ,321350 ,327630 ,295280 ,3.48K,-5.98%,,310
2022/2/28,336550 ,302659 ,339210 ,297440 ,3.79K,11.20%,,309
2022/3/1,341760 ,336550 ,349200 ,328090 ,3.13K,1.55%,,308
2022/3/2,340840 ,341760 ,350400 ,335600 ,2.26K,-0.27%,,307
2022/3/3,327700 ,340840 ,343220 ,322530 ,1.02K,-3.86%,,306
2022/3/4,301275 ,327700 ,327720 ,296050 ,2.30K,-8.06%,,305
2022/3/5,305470 ,301275 ,308106 ,297540 ,0.41K,1.39%,,304
2022/3/6,292890 ,305470 ,306890 ,291690 ,0.94K,-4.12%,,303
2022/3/7,287790 ,292890 ,305220 ,282216 ,2.04K,-1.74%,,302
2022/3/8,298560 ,287790 ,303590 ,286432 ,2.30K,3.74%,,301
2022/3/9,316430 ,298560 ,320909 ,297510 ,1.80K,5.99%,,300
2022/3/10,303140 ,316450 ,317068 ,296410 ,2.80K,-4.20%,,299
2022/3/11,300090 ,303140 ,312750 ,293448 ,2.19K,-1.01%,,298
2022/3/12,301390 ,300090 ,306530 ,299606 ,0.71K,0.43%,,297
2022/3/13,296130 ,301390 ,305250 ,292900 ,0.66K,-1.75%,,296
2022/3/14,306820 ,296130 ,307586 ,293960 ,1.59K,3.61%,,295
2022/3/15,310010 ,306820 ,315330 ,296608 ,2.42K,1.04%,,294
2022/3/16,330000 ,310010 ,331320 ,308560 ,2.77K,6.45%,,293
2022/3/17,333780 ,330000 ,336440 ,326570 ,1.41K,1.15%,,292
2022/3/18,350999 ,333780 ,354820 ,328780 ,2.51K,5.16%,,291
2022/3/19,351690 ,350999 ,355950 ,344770 ,1.25K,0.20%,,290
2022/3/20,340980 ,351690 ,353420 ,336157 ,0.76K,-3.05%,,289
2022/3/21,346370 ,340980 ,352675 ,337790 ,0.99K,1.58%,,288
2022/3/22,360080 ,346370 ,366293 ,345550 ,1.90K,3.96%,,287
2022/3/23,367220 ,360080 ,368238 ,353960 ,2.10K,1.98%,,286
2022/3/24,380350 ,367220 ,381849 ,364284 ,1.34K,3.58%,,285
2022/3/25,379640 ,380350 ,388970 ,375680 ,2.27K,-0.19%,,284
2022/3/26,384090 ,379640 ,384860 ,376960 ,0.35K,1.17%,,283
2022/3/27,403290 ,384090 ,403290 ,381920 ,0.53K,5.00%,,282
2022/3/28,411550 ,403290 ,424150 ,400240 ,1.93K,2.05%,,281
2022/3/29,418740 ,411550 ,429859 ,411550 ,3.00K,1.75%,,280
2022/3/30,413180 ,418740 ,419990 ,407597 ,3.51K,-1.33%,,279
2022/3/31,399790 ,413180 ,419670 ,396970 ,2.30K,-3.24%,,278
2022/4/1,420890 ,399790 ,426650 ,394556 ,1.73K,5.28%,,277
2022/4/2,422050 ,420890 ,432140 ,420890 ,0.96K,0.28%,,276
2022/4/3,431730 ,422050 ,439070 ,418230 ,0.81K,2.29%,,275
2022/4/4,432200 ,431730 ,435000 ,418770 ,1.35K,0.11%,,274
2022/4/5,421272 ,432200 ,436270 ,420497 ,1.59K,-2.53%,,273
2022/4/6,392590 ,421272 ,421272 ,391780 ,3.18K,-6.81%,,272
2022/4/7,400750 ,392590 ,405060 ,388991 ,1.31K,2.08%,,271
2022/4/8,396910 ,400750 ,411550 ,394580 ,1.26K,-0.96%,,270
2022/4/9,405470 ,396910 ,406310 ,395808 ,0.43K,2.16%,,269
2022/4/10,397680 ,405470 ,411440 ,397670 ,0.84K,-1.92%,,268
2022/4/11,373907 ,397680 ,400740 ,370290 ,2.95K,-5.98%,,267
2022/4/12,379980 ,373907 ,385480 ,370360 ,2.50K,1.62%,,266
2022/4/13,390950 ,379980 ,393120 ,377640 ,2.04K,2.89%,,265
2022/4/14,381380 ,390950 ,394060 ,375230 ,1.56K,-2.45%,,264
2022/4/15,384640 ,381380 ,386480 ,378850 ,0.55K,0.85%,,263
2022/4/16,387040 ,384640 ,390180 ,381100 ,0.47K,0.62%,,262
2022/4/17,378550 ,387040 ,389820 ,378050 ,0.74K,-2.19%,,261
2022/4/18,388780 ,378550 ,390202 ,365220 ,1.42K,2.70%,,260
2022/4/19,401300 ,388780 ,403150 ,388040 ,2.11K,3.22%,,259
2022/4/20,394040 ,401300 ,405300 ,388360 ,5.85K,-1.81%,,258
2022/4/21,383330 ,394040 ,407690 ,378180 ,1.80K,-2.72%,,257
2022/4/22,380870 ,383330 ,388270 ,377860 ,2.69K,-0.64%,,256
2022/4/23,377070 ,380770 ,382890 ,375140 ,0.37K,-1.00%,,255
2022/4/24,376250 ,376970 ,381530 ,374609 ,0.75K,-0.22%,,254
2022/4/25,384550 ,376250 ,387330 ,358930 ,3.30K,2.21%,,253
2022/4/26,357540 ,384550 ,386830 ,352900 ,3.30K,-7.02%,,252
2022/4/27,371260 ,357540 ,374190 ,356240 ,2.05K,3.84%,,251
2022/4/28,384290 ,371260 ,390750 ,370140 ,5.69K,3.51%,,250
2022/4/29,365690 ,384290 ,385240 ,360440 ,3.30K,-4.84%,,249
2022/4/30,354430 ,365690 ,368660 ,352710 ,1.12K,-3.08%,,248
2022/5/1,367540 ,354430 ,370540 ,352893 ,1.11K,3.70%,,247
2022/5/2,371700 ,367540 ,374990 ,361890 ,1.82K,1.13%,,246
2022/5/3,362010 ,371700 ,372310 ,358910 ,1.59K,-2.61%,,245
2022/5/4,379970 ,362010 ,382750 ,360700 ,3.05K,4.96%,,244
2022/5/5,358140 ,379970 ,381650 ,354270 ,3.18K,-5.75%,,243
2022/5/6,352540 ,358140 ,360570 ,344330 ,3.11K,-1.56%,,242
2022/5/7,344430 ,352540 ,352840 ,338250 ,1.21K,-2.30%,,241
2022/5/8,329576 ,344430 ,344430 ,325190 ,2.55K,-4.31%,,240
2022/5/9,292472 ,329576 ,331440 ,290210 ,7.60K,-11.26%,,239
2022/5/10,305980 ,292472 ,319500 ,286150 ,11.34K,4.62%,,238
2022/5/11,270398 ,305710 ,318631 ,261819 ,11.21K,-11.63%,,237
2022/5/12,251470 ,270398 ,283990 ,228640 ,9.00K,-7.00%,,236
2022/5/13,259860 ,251470 ,278040 ,249770 ,3.16K,3.34%,,235
2022/5/14,265930 ,259860 ,267540 ,252590 ,0.98K,2.34%,,234
2022/5/15,277510 ,265930 ,279630 ,258750 ,2.02K,4.35%,,233
2022/5/16,260660 ,277510 ,277510 ,255706 ,4.43K,-6.07%,,232
2022/5/17,270660 ,260660 ,275190 ,259557 ,2.05K,3.84%,,231
2022/5/18,244270 ,270660 ,272674 ,244270 ,3.68K,-9.75%,,230
2022/5/19,258470 ,244270 ,260493 ,244180 ,5.60K,5.81%,,229
2022/5/20,251070 ,258470 ,264000 ,245660 ,2.50K,-2.86%,,228
2022/5/21,252460 ,251070 ,254540 ,248710 ,0.33K,0.55%,,227
2022/5/22,261800 ,252460 ,263010 ,251410 ,0.58K,3.70%,,226
2022/5/23,252200 ,261800 ,266050 ,250280 ,1.49K,-3.67%,,225
2022/5/24,250920 ,252200 ,254250 ,241940 ,3.06K,-0.51%,,224
2022/5/25,246740 ,250920 ,256750 ,245610 ,1.56K,-1.67%,,223
2022/5/26,227340 ,246740 ,250050 ,220790 ,3.35K,-7.86%,,222
2022/5/27,219190 ,227340 ,231470 ,217480 ,3.73K,-3.58%,,221
2022/5/28,228220 ,219190 ,229510 ,218900 ,0.85K,4.12%,,220
2022/5/29,231010 ,228220 ,232340 ,224430 ,2.24K,1.22%,,219
2022/5/30,255360 ,231010 ,256770 ,229360 ,3.39K,10.54%,,218
2022/5/31,249840 ,255360 ,257460 ,247960 ,2.94K,-2.16%,,217
2022/6/1,236950 ,249840 ,255230 ,230490 ,4.28K,-5.16%,,216
2022/6/2,238550 ,236950 ,240750 ,231590 ,2.31K,0.68%,,215
2022/6/3,232650 ,238550 ,239330 ,226950 ,1.79K,-2.47%,,214
2022/6/4,235850 ,232650 ,237667 ,229013 ,0.29K,1.38%,,213
2022/6/5,236480 ,235850 ,239570 ,232140 ,0.63K,0.27%,,212
2022/6/6,245980 ,236480 ,251080 ,236310 ,2.45K,4.02%,,211
2022/6/7,241200 ,245980 ,248150 ,229050 ,4.81K,-1.94%,,210
2022/6/8,241280 ,241200 ,246682 ,234982 ,3.44K,0.03%,,209
2022/6/9,240510 ,241280 ,245030 ,238180 ,4.37K,-0.32%,,208
2022/6/10,223640 ,240510 ,242006 ,222955 ,6.80K,-7.01%,,207
2022/6/11,205682 ,223640 ,226290 ,202007 ,4.37K,-8.03%,,206
2022/6/12,194420 ,205682 ,207950 ,191861 ,4.22K,-5.48%,,205
2022/6/13,162035 ,194420 ,196210 ,156158 ,13.00K,-16.66%,,204
2022/6/14,164070 ,162598 ,170590 ,144578 ,14.04K,1.26%,,203
2022/6/15,166140 ,164070 ,167240 ,136738 ,14.59K,1.26%,,202
2022/6/16,141545 ,166140 ,168500 ,139550 ,13.13K,-14.80%,,201
2022/6/17,146218 ,141545 ,150240 ,139740 ,11.02K,3.30%,,200
2022/6/18,134550 ,146218 ,147642 ,119240 ,6.21K,-7.98%,,199
2022/6/19,152580 ,134550 ,156200 ,126461 ,4.70K,13.40%,,198
2022/6/20,152460 ,152580 ,157410 ,142140 ,3.24K,-0.08%,,197
2022/6/21,153243 ,152460 ,162140 ,149700 ,2.54K,0.51%,,196
2022/6/22,142429 ,153243 ,153488 ,142175 ,2.99K,-7.06%,,195
2022/6/23,154090 ,142429 ,155260 ,142429 ,3.06K,8.19%,,194
2022/6/24,165430 ,154090 ,168256 ,152026 ,2.46K,7.36%,,193
2022/6/25,167796 ,165430 ,169890 ,159500 ,1.25K,1.43%,,192
2022/6/26,161928 ,167796 ,173020 ,161560 ,2.35K,-3.50%,,191
2022/6/27,161260 ,161928 ,167260 ,159090 ,1.44K,-0.41%,,190
2022/6/28,155620 ,161260 ,168218 ,154700 ,2.05K,-3.50%,,189
2022/6/29,150090 ,155620 ,157230 ,148662 ,4.14K,-3.55%,,188
2022/6/30,145130 ,150090 ,151110 ,135770 ,4.59K,-3.30%,,187
2022/7/1,143250 ,145130 ,150892 ,139910 ,5.89K,-1.30%,,186
2022/7/2,144191 ,143250 ,145770 ,139133 ,1.92K,0.66%,,185
2022/7/3,145027 ,144191 ,147080 ,140850 ,1.14K,0.58%,,184
2022/7/4,156397 ,145027 ,157416 ,141476 ,2.96K,7.84%,,183
2022/7/5,153870 ,156397 ,159690 ,146450 ,3.93K,-1.62%,,182
2022/7/6,161370 ,153870 ,163650 ,150490 ,6.16K,4.87%,,181
2022/7/7,168347 ,161370 ,170291 ,157920 ,4.59K,4.32%,,180
2022/7/8,165110 ,168347 ,173214 ,162830 ,11.55K,-1.92%,,179
2022/7/9,165590 ,165110 ,167680 ,164139 ,0.44K,0.29%,,178
2022/7/10,158880 ,165590 ,165731 ,156920 ,0.68K,-4.05%,,177
2022/7/11,150690 ,158880 ,159399 ,149980 ,2.72K,-5.15%,,176
2022/7/12,142290 ,150690 ,150780 ,141730 ,4.79K,-5.57%,,175
2022/7/13,153450 ,142290 ,153840 ,137975 ,9.11K,7.84%,,174
2022/7/14,165640 ,153450 ,168640 ,149240 ,4.85K,7.94%,,173
2022/7/15,170486 ,165690 ,177920 ,164090 ,4.53K,2.93%,,172
2022/7/16,187980 ,170535 ,196100 ,165220 ,3.27K,10.26%,,171
2022/7/17,185040 ,187980 ,192250 ,183110 ,1.36K,-1.56%,,170
2022/7/18,219238 ,185040 ,220620 ,185040 ,4.52K,18.48%,,169
2022/7/19,213283 ,219238 ,224609 ,206058 ,5.45K,-2.72%,,168
2022/7/20,210130 ,213283 ,223710 ,205803 ,4.90K,-1.48%,,167
2022/7/21,215896 ,210130 ,220150 ,202590 ,5.37K,2.74%,,166
2022/7/22,209160 ,215896 ,226307 ,206450 ,5.64K,-3.12%,,165
2022/7/23,211020 ,209160 ,217560 ,202900 ,0.84K,0.89%,,164
2022/7/24,217950 ,211020 ,226638 ,210480 ,1.37K,3.28%,,163
2022/7/25,196370 ,217950 ,219630 ,195770 ,3.25K,-9.90%,,162
2022/7/26,198830 ,196370 ,199210 ,185670 ,2.81K,1.25%,,161
2022/7/27,222870 ,198830 ,223852 ,194600 ,3.93K,12.09%,,160
2022/7/28,231990 ,222870 ,239315 ,216510 ,5.18K,4.09%,,159
2022/7/29,229290 ,231990 ,235250 ,222210 ,7.29K,-1.16%,,158
2022/7/30,225940 ,229290 ,232313 ,223052 ,1.36K,-1.46%,,157
2022/7/31,224170 ,225940 ,233630 ,222320 ,1.12K,-0.78%,,156
2022/8/1,214440 ,224170 ,225540 ,211510 ,5.24K,-4.34%,,155
2022/8/2,217550 ,214440 ,221770 ,204280 ,4.63K,1.45%,,154
2022/8/3,216690 ,217550 ,224777 ,212660 ,3.76K,-0.40%,,153
2022/8/4,212910 ,216690 ,222120 ,210340 ,2.84K,-1.74%,,152
2022/8/5,234310 ,212910 ,234779 ,212860 ,3.78K,10.05%,,151
2022/8/6,228000 ,234310 ,235804 ,227560 ,0.83K,-2.69%,,150
2022/8/7,229590 ,228000 ,233321 ,225250 ,0.61K,0.70%,,149
2022/8/8,239850 ,229590 ,244566 ,228929 ,3.68K,4.47%,,148
2022/8/9,230184 ,239850 ,241421 ,225290 ,1.46K,-4.03%,,147
2022/8/10,246330 ,230184 ,250411 ,223810 ,12.01K,7.01%,,146
2022/8/11,250010 ,246330 ,256010 ,245520 ,4.47K,1.49%,,145
2022/8/12,261430 ,250010 ,262130 ,247490 ,3.51K,4.57%,,144
2022/8/13,264650 ,261430 ,269390 ,259890 ,0.60K,1.23%,,143
2022/8/14,257880 ,264650 ,270703 ,254550 ,0.40K,-2.56%,,142
2022/8/15,253016 ,257880 ,268060 ,248850 ,2.27K,-1.89%,,141
2022/8/16,252160 ,253016 ,257253 ,247880 ,1.28K,-0.34%,,140
2022/8/17,247560 ,252160 ,263201 ,245946 ,2.95K,-1.82%,,139
2022/8/18,250731 ,247560 ,255340 ,245710 ,1.33K,1.28%,,138
2022/8/19,220359 ,250731 ,250731 ,219390 ,3.46K,-12.11%,,137
2022/8/20,215673 ,220359 ,226710 ,208640 ,1.13K,-2.13%,,136
2022/8/21,221640 ,215673 ,225110 ,214140 ,0.63K,2.77%,,135
2022/8/22,223680 ,221640 ,223980 ,209440 ,2.64K,0.92%,,134
2022/8/23,227750 ,223680 ,228690 ,214953 ,6.59K,1.82%,,133
2022/8/24,227110 ,227750 ,231920 ,219880 ,3.22K,-0.28%,,132
2022/8/25,231630 ,227110 ,235560 ,227020 ,2.33K,1.99%,,131
2022/8/26,207680 ,231630 ,232850 ,205051 ,9.39K,-10.34%,,130
2022/8/27,205247 ,207680 ,209140 ,199469 ,1.05K,-1.17%,,129
2022/8/28,197382 ,205247 ,207810 ,196780 ,0.76K,-3.83%,,128
2022/8/29,215360 ,197196 ,216400 ,196660 ,1.71K,9.11%,,127
2022/8/30,211480 ,215360 ,221920 ,204690 ,3.27K,-1.80%,,126
2022/8/31,216680 ,211480 ,224230 ,211480 ,2.54K,2.46%,,125
2022/9/1,222150 ,216680 ,224250 ,212130 ,3.65K,2.52%,,124
2022/9/2,221170 ,222150 ,230940 ,217035 ,4.30K,-0.44%,,123
2022/9/3,217890 ,221170 ,221860 ,215110 ,0.97K,-1.48%,,122
2022/9/4,221850 ,217890 ,221850 ,216260 ,0.54K,1.82%,,121
2022/9/5,226860 ,221850 ,228530 ,218600 ,0.65K,2.26%,,120
2022/9/6,222778 ,226860 ,239400 ,222138 ,5.55K,-1.80%,,119
2022/9/7,235090 ,222778 ,238110 ,214070 ,5.49K,5.53%,,118
2022/9/8,235140 ,234940 ,239180 ,229720 ,17.23K,0.02%,,117
2022/9/9,245250 ,235140 ,249440 ,234580 ,15.26K,4.30%,,116
2022/9/10,253160 ,245250 ,254828 ,243413 ,0.78K,3.23%,,115
2022/9/11,251440 ,253160 ,254530 ,245230 ,1.20K,-0.68%,,114
2022/9/12,244780 ,252040 ,253800 ,241280 ,3.26K,-2.65%,,113
2022/9/13,227540 ,244780 ,248870 ,226740 ,12.67K,-7.04%,,112
2022/9/14,233950 ,227540 ,235830 ,223764 ,10.71K,2.82%,,111
2022/9/15,211290 ,233950 ,237390 ,209640 ,9.40K,-9.69%,,110
2022/9/16,204930 ,211290 ,212310 ,201260 ,6.07K,-3.01%,,109
2022/9/17,210130 ,204930 ,211010 ,201700 ,5.73K,2.54%,,108
2022/9/18,190470 ,210130 ,210163 ,189650 ,3.11K,-9.36%,,107
2022/9/19,197260 ,190470 ,199550 ,184159 ,4.80K,3.56%,,106
2022/9/20,190090 ,197260 ,198740 ,188861 ,4.46K,-3.63%,,105
2022/9/21,180430 ,190090 ,203210 ,175840 ,13.44K,-5.08%,,104
2022/9/22,188810 ,180430 ,191690 ,178300 ,55.82K,4.64%,,103
2022/9/23,190450 ,188810 ,193070 ,181073 ,13.04K,0.87%,,102
2022/9/24,188927 ,190450 ,193550 ,187950 ,0.39K,-0.80%,,101
2022/9/25,185520 ,188927 ,191730 ,182370 ,1.27K,-1.80%,,100
2022/9/26,193350 ,185520 ,193840 ,184120 ,23.18K,4.22%,,99
2022/9/27,192590 ,193350 ,202540 ,189090 ,4.29K,-0.39%,,98
2022/9/28,193170 ,192590 ,195340 ,182538 ,5.47K,0.30%,,97
2022/9/29,192950 ,193170 ,195070 ,186950 ,4.21K,-0.11%,,96
2022/9/30,192320 ,192950 ,198644 ,190520 ,4.83K,-0.33%,,95
2022/10/1,189780 ,192320 ,193070 ,188660 ,0.15K,-1.32%,,94
2022/10/2,184870 ,189780 ,190630 ,184170 ,1.51K,-2.59%,,93
2022/10/3,191370 ,184870 ,192349 ,183140 ,6.08K,3.52%,,92
2022/10/4,196130 ,191370 ,197486 ,191020 ,3.60K,2.49%,,91
2022/10/5,195370 ,196130 ,196920 ,190300 ,2.55K,-0.39%,,90
2022/10/6,196090 ,195370 ,200110 ,195250 ,2.29K,0.37%,,89
2022/10/7,193560 ,196090 ,197390 ,191501 ,4.13K,-1.29%,,88
2022/10/8,191160 ,193560 ,194300 ,189512 ,0.43K,-1.24%,,87
2022/10/9,192500 ,191160 ,193070 ,190070 ,0.62K,0.70%,,86
2022/10/10,187930 ,192500 ,194680 ,187930 ,2.05K,-2.37%,,85
2022/10/11,186580 ,187930 ,189010 ,184670 ,1.43K,-0.72%,,84
2022/10/12,189880 ,186580 ,191440 ,186278 ,1.90K,1.77%,,83
2022/10/13,189760 ,189880 ,191410 ,175860 ,0.89K,-0.06%,,82
2022/10/14,192950 ,189760 ,198180 ,189080 ,0.30K,1.68%,,81
2022/10/15,189770 ,192950 ,193710 ,187950 ,0.15K,-1.65%,,80
2022/10/16,194200 ,189500 ,195840 ,189500 ,0.11K,2.33%,,79
2022/10/17,198430 ,194240 ,199300 ,192590 ,0.11K,2.18%,,78
2022/10/18,195600 ,198430 ,199700 ,192170 ,0.29K,-1.43%,,77
2022/10/19,192540 ,195600 ,196020 ,191940 ,0.54K,-1.56%,,76
2022/10/20,192800 ,192540 ,196440 ,190630 ,0.17K,0.14%,,75
2022/10/21,192020 ,192800 ,195360 ,188900 ,1.01K,-0.40%,,74
2022/10/22,194250 ,192020 ,195020 ,191250 ,0.05K,1.16%,,73
2022/10/23,201240 ,194250 ,204500 ,192240 ,0.59K,3.60%,,72
2022/10/24,200060 ,201240 ,203620 ,197440 ,0.26K,-0.59%,,71
2022/10/25,215970 ,200060 ,224960 ,198840 ,0.29K,7.95%,,70
2022/10/26,228890 ,215970 ,233760 ,215860 ,0.12K,5.98%,,69
2022/10/27,221480 ,228890 ,230740 ,220430 ,0.35K,-3.24%,,68
2022/10/28,229300 ,221480 ,232210 ,218930 ,0.41K,3.53%,,67
2022/10/29,238910 ,229300 ,245050 ,228390 ,0.34K,4.19%,,66
2022/10/30,235170 ,238910 ,241860 ,232730 ,0.37K,-1.57%,,65
2022/10/31,234130 ,235170 ,242930 ,230350 ,0.57K,-0.44%,,64
2022/11/1,233630 ,234130 ,237640 ,231550 ,0.11K,-0.21%,,63
2022/11/2,224610 ,233630 ,236740 ,222080 ,0.36K,-3.86%,,62
2022/11/3,227450 ,224610 ,230790 ,224060 ,0.23K,1.26%,,61
2022/11/4,241430 ,227450 ,245420 ,226690 ,0.38K,6.15%,,60
2022/11/5,238580 ,241430 ,244260 ,237980 ,0.08K,-1.18%,,59
2022/11/6,230720 ,238580 ,240270 ,230080 ,0.30K,-3.29%,,58
2022/11/7,230120 ,230720 ,235930 ,226990 ,0.02K,-0.26%,,57
2022/11/8,194130 ,230120 ,231150 ,179370 ,1.01K,-15.64%,,56
2022/11/9,160680 ,194130 ,194560 ,156910 ,2.19K,-17.23%,,55
2022/11/10,183830 ,160680 ,192920 ,158760 ,1.06K,14.41%,,54
2022/11/11,178510 ,183830 ,185610 ,168080 ,0.70K,-2.89%,,53
2022/11/12,174260 ,178510 ,179150 ,171780 ,0.05K,-2.38%,,52
2022/11/13,170420 ,174260 ,176950 ,166850 ,0.06K,-2.20%,,51
2022/11/14,174100 ,170420 ,181360 ,163420 ,0.68K,2.16%,,50
2022/11/15,174380 ,174100 ,179020 ,171800 ,0.20K,0.16%,,49
2022/11/16,168480 ,174380 ,177710 ,165410 ,0.08K,-3.38%,,48
2022/11/17,169290 ,169590 ,171240 ,165310 ,0.10K,0.48%,,47
2022/11/18,169350 ,170880 ,171640 ,168150 ,0.02K,0.04%,,46
2022/11/19,171200 ,169460 ,172960 ,169320 ,0.01K,1.09%,,45
2022/11/20,160440 ,171200 ,172140 ,158850 ,0.05K,-6.29%,,44
2022/11/21,157300 ,160440 ,162590 ,153590 ,0.04K,-1.96%,,43
2022/11/22,160980 ,157300 ,161220 ,152080 ,0.11K,2.34%,,42
2022/11/23,164920 ,160980 ,166860 ,159180 ,0.01K,2.45%,,41
2022/11/24,166760 ,164920 ,169040 ,164090 ,0.03K,1.12%,,40
2022/11/25,166620 ,166760 ,167720 ,162170 ,0.05K,-0.08%,,39
2022/11/26,167520 ,166620 ,171050 ,166290 ,0.01K,0.54%,,38
2022/11/27,166240 ,167520 ,170170 ,165830 ,0.01K,-0.76%,,37
2022/11/28,161920 ,166240 ,166980 ,159640 ,0.01K,-2.60%,,36
2022/11/29,168630 ,161920 ,170160 ,160610 ,0.02K,4.14%,,35
2022/11/30,177730 ,168630 ,181040 ,168080 ,0.08K,5.40%,,34
2022/12/1,172500 ,177730 ,178150 ,171530 ,0.02K,-2.94%,,33
2022/12/2,173920 ,172500 ,174220 ,170580 ,0.21K,0.82%,,32
2022/12/3,166600 ,173920 ,174990 ,166040 ,0.03K,-4.21%,,31
2022/12/4,172000 ,166600 ,172790 ,166600 ,0.02K,3.24%,,30
2022/12/5,171970 ,172000 ,176710 ,170500 ,0.07K,-0.02%,,29
2022/12/6,173930 ,171970 ,174520 ,170110 ,0.02K,1.14%,,28
2022/12/7,167860 ,173930 ,174770 ,167010 ,0.07K,-3.49%,,27
2022/12/8,174910 ,167860 ,176440 ,167440 ,0.03K,4.20%,,26
2022/12/9,172390 ,174910 ,175870 ,171820 ,0.09K,-1.44%,,25
2022/12/10,172860 ,172390 ,175330 ,171910 ,0.01K,0.27%,,24
2022/12/11,172710 ,172860 ,175330 ,171510 ,0.01K,-0.09%,,23
2022/12/12,175340 ,172710 ,176060 ,169790 ,0.04K,1.52%,,22
2022/12/13,179040 ,175340 ,182740 ,172860 ,0.08K,2.11%,,21
2022/12/14,177050 ,179040 ,181930 ,176200 ,0.25K,-1.11%,,20
2022/12/15,174560 ,177050 ,177630 ,173420 ,0.05K,-1.41%,,19
2022/12/16,159540 ,174560 ,175730 ,158170 ,0.17K,-8.60%,,18
2022/12/17,162270 ,159540 ,162620 ,158960 ,0.02K,1.71%,,17
2022/12/18,161530 ,162270 ,163570 ,160400 ,0.11K,-0.46%,,16
2022/12/19,159920 ,161530 ,162830 ,157390 ,0.04K,-1.00%,,15
2022/12/20,160570 ,159920 ,164560 ,158290 ,0.38K,0.41%,,14
2022/12/21,160670 ,160570 ,161520 ,158890 ,0.05K,0.06%,,13
2022/12/22,161330 ,160670 ,163850 ,156680 ,0.02K,0.41%,,12
2022/12/23,161970 ,161330 ,163080 ,160880 ,0.04K,0.40%,,11
2022/12/24,162150 ,161970 ,163010 ,161260 ,0.01K,0.11%,,10
2022/12/25,161770 ,162150 ,162570 ,159070 ,0.03K,-0.23%,,9
2022/12/26,163070 ,161770 ,163390 ,161180 ,0.03K,0.80%,,8
2022/12/27,161740 ,163070 ,163810 ,160620 ,0.04K,-0.82%,,7
2022/12/28,159560 ,161740 ,162560 ,159080 ,0.03K,-1.35%,,6
2022/12/29,159740 ,159560 ,160880 ,158530 ,0.03K,0.11%,,5
2022/12/30,157460 ,159740 ,159740 ,156130 ,0.02K,-1.43%,,4
2022/12/31,157000 ,157460 ,158480 ,156380 ,0.01K,-0.29%,,3
2023/1/1,157250 ,157000 ,157850 ,156130 ,0.01K,0.16%,,2
2023/1/2,159340 ,157250 ,159940 ,156260 ,0.02K,1.33%,,1
